,event,ts
0,start_schema_check,1680469769.5922308
1,end_schema_check,1680469769.7247949
2,adding 1/1000000,1680469769.7248454
3,adding 1/1000000,1680469769.731419
4,adding 1001/1000000,1680469774.8758674
5,adding 1001/1000000,1680469774.8812175
6,adding 2001/1000000,1680469780.51125
7,adding 2001/1000000,1680469780.517319
8,adding 3001/1000000,1680469785.9640663
9,adding 3001/1000000,1680469785.9691622
10,adding 4001/1000000,1680469791.8033986
11,adding 4001/1000000,1680469791.8088753
12,adding 5001/1000000,1680469797.4144661
13,adding 5001/1000000,1680469797.4203305
14,adding 6001/1000000,1680469803.2941344
15,adding 6001/1000000,1680469803.2997162
16,adding 7001/1000000,1680469808.794927
17,adding 7001/1000000,1680469808.8003893
18,adding 8001/1000000,1680469814.7026997
19,adding 8001/1000000,1680469814.7084706
20,adding 9001/1000000,1680469820.2047603
21,adding 9001/1000000,1680469820.2100837
22,adding 10001/1000000,1680469826.111091
23,adding 10001/1000000,1680469826.116748
24,adding 11001/1000000,1680469832.081039
25,adding 11001/1000000,1680469832.0877867
26,adding 12001/1000000,1680469837.675166
27,adding 12001/1000000,1680469837.6799605
28,adding 13001/1000000,1680469843.4903533
29,adding 13001/1000000,1680469843.4964957
30,adding 14001/1000000,1680469849.0519183
31,adding 14001/1000000,1680469849.0575109
32,adding 15001/1000000,1680469854.8627956
33,adding 15001/1000000,1680469854.8683753
34,adding 16001/1000000,1680469860.5906265
35,adding 16001/1000000,1680469860.596289
36,adding 17001/1000000,1680469866.3807065
37,adding 17001/1000000,1680469866.3859975
38,adding 18001/1000000,1680469871.702212
39,adding 18001/1000000,1680469871.7071118
40,adding 19001/1000000,1680469877.4827206
41,adding 19001/1000000,1680469877.4873302
42,adding 20001/1000000,1680469882.760816
43,adding 20001/1000000,1680469882.7657855
44,adding 21001/1000000,1680469888.5763154
45,adding 21001/1000000,1680469888.5819807
46,adding 22001/1000000,1680469894.1874902
47,adding 22001/1000000,1680469894.1935477
48,adding 23001/1000000,1680469899.9437132
49,adding 23001/1000000,1680469899.9495072
50,adding 24001/1000000,1680469905.6068916
51,adding 24001/1000000,1680469905.6115656
52,adding 25001/1000000,1680469911.1288598
53,adding 25001/1000000,1680469911.1369512
54,adding 26001/1000000,1680469917.4693663
55,adding 26001/1000000,1680469917.4736552
56,adding 27001/1000000,1680469923.2007604
57,adding 27001/1000000,1680469923.2073977
58,adding 28001/1000000,1680469929.1437263
59,adding 28001/1000000,1680469929.149475
60,adding 29001/1000000,1680469934.8788948
61,adding 29001/1000000,1680469934.8839827
62,adding 30001/1000000,1680469940.6517456
63,adding 30001/1000000,1680469940.657183
64,adding 31001/1000000,1680469946.6160152
65,adding 31001/1000000,1680469946.6224668
66,adding 32001/1000000,1680469952.447127
67,adding 32001/1000000,1680469952.452493
68,adding 33001/1000000,1680469958.520986
69,adding 33001/1000000,1680469958.526702
70,adding 34001/1000000,1680469964.5946822
71,adding 34001/1000000,1680469964.6010714
72,adding 35001/1000000,1680469970.4834201
73,adding 35001/1000000,1680469970.4882655
74,adding 36001/1000000,1680469976.1814733
75,adding 36001/1000000,1680469976.1871877
76,adding 37001/1000000,1680469981.8928175
77,adding 37001/1000000,1680469981.8987844
78,adding 38001/1000000,1680469988.1312892
79,adding 38001/1000000,1680469988.1380565
80,adding 39001/1000000,1680469994.0458791
81,adding 39001/1000000,1680469994.052127
82,adding 40001/1000000,1680470000.0456116
83,adding 40001/1000000,1680470000.0525165
84,adding 41001/1000000,1680470005.962858
85,adding 41001/1000000,1680470005.9688509
86,adding 42001/1000000,1680470012.1618328
87,adding 42001/1000000,1680470012.1677983
88,adding 43001/1000000,1680470018.0446725
89,adding 43001/1000000,1680470018.0496578
90,adding 44001/1000000,1680470023.8359718
91,adding 44001/1000000,1680470023.84322
92,adding 45001/1000000,1680470029.5730662
93,adding 45001/1000000,1680470029.5790596
94,adding 46001/1000000,1680470035.5786667
95,adding 46001/1000000,1680470035.5851655
96,adding 47001/1000000,1680470041.8744102
97,adding 47001/1000000,1680470041.8804204
98,adding 48001/1000000,1680470047.8210135
99,adding 48001/1000000,1680470047.8257675
100,adding 49001/1000000,1680470053.4872487
101,adding 49001/1000000,1680470053.4938405
102,adding 50001/1000000,1680470059.581906
103,adding 50001/1000000,1680470059.5928025
104,adding 51001/1000000,1680470065.5702844
105,adding 51001/1000000,1680470065.5762134
106,adding 52001/1000000,1680470071.3886726
107,adding 52001/1000000,1680470071.394597
108,adding 53001/1000000,1680470077.7095425
109,adding 53001/1000000,1680470077.71656
110,adding 54001/1000000,1680470084.0962498
111,adding 54001/1000000,1680470084.1019783
112,adding 55001/1000000,1680470090.1594355
113,adding 55001/1000000,1680470090.165577
114,adding 56001/1000000,1680470096.2500715
115,adding 56001/1000000,1680470096.2581246
116,adding 57001/1000000,1680470102.5471647
117,adding 57001/1000000,1680470102.5537727
118,adding 58001/1000000,1680470108.8378196
119,adding 58001/1000000,1680470108.8447123
120,adding 59001/1000000,1680470114.8560016
121,adding 59001/1000000,1680470114.8618488
122,adding 60001/1000000,1680470121.0130506
123,adding 60001/1000000,1680470121.019112
124,adding 61001/1000000,1680470127.3958938
125,adding 61001/1000000,1680470127.4015357
126,adding 62001/1000000,1680470133.5472732
127,adding 62001/1000000,1680470133.5533817
128,adding 63001/1000000,1680470139.6486244
129,adding 63001/1000000,1680470139.6551013
130,adding 64001/1000000,1680470146.0907662
131,adding 64001/1000000,1680470146.0971725
132,adding 65001/1000000,1680470152.712553
133,adding 65001/1000000,1680470152.7170124
134,adding 66001/1000000,1680470158.9965866
135,adding 66001/1000000,1680470159.003631
136,adding 67001/1000000,1680470165.310996
137,adding 67001/1000000,1680470165.3172104
138,adding 68001/1000000,1680470171.1111355
139,adding 68001/1000000,1680470171.1166553
140,adding 69001/1000000,1680470176.7553527
141,adding 69001/1000000,1680470176.760113
142,adding 70001/1000000,1680470182.6296635
143,adding 70001/1000000,1680470182.6365716
144,adding 71001/1000000,1680470188.5503936
145,adding 71001/1000000,1680470188.556298
146,adding 72001/1000000,1680470194.879659
147,adding 72001/1000000,1680470194.886562
148,adding 73001/1000000,1680470200.9997346
149,adding 73001/1000000,1680470201.005269
150,adding 74001/1000000,1680470207.0933294
151,adding 74001/1000000,1680470207.099823
152,adding 75001/1000000,1680470213.2179902
153,adding 75001/1000000,1680470213.2305105
154,adding 76001/1000000,1680470219.334163
155,adding 76001/1000000,1680470219.3409555
156,adding 77001/1000000,1680470225.6040764
157,adding 77001/1000000,1680470225.6103895
158,adding 78001/1000000,1680470231.7419882
159,adding 78001/1000000,1680470231.747258
160,adding 79001/1000000,1680470237.7633781
161,adding 79001/1000000,1680470237.7702293
162,adding 80001/1000000,1680470243.4257112
163,adding 80001/1000000,1680470243.4316132
164,adding 81001/1000000,1680470249.1196263
165,adding 81001/1000000,1680470249.1248908
166,adding 82001/1000000,1680470255.2742045
167,adding 82001/1000000,1680470255.2812152
168,adding 83001/1000000,1680470261.460981
169,adding 83001/1000000,1680470261.4669456
170,adding 84001/1000000,1680470267.5869672
171,adding 84001/1000000,1680470267.5935056
172,adding 85001/1000000,1680470273.7161682
173,adding 85001/1000000,1680470273.7224395
174,adding 86001/1000000,1680470279.647147
175,adding 86001/1000000,1680470279.6540658
176,adding 87001/1000000,1680470285.9496436
177,adding 87001/1000000,1680470285.9549937
178,adding 88001/1000000,1680470292.3937707
179,adding 88001/1000000,1680470292.4006436
180,adding 89001/1000000,1680470298.5221102
181,adding 89001/1000000,1680470298.526999
182,adding 90001/1000000,1680470304.38408
183,adding 90001/1000000,1680470304.391039
184,adding 91001/1000000,1680470310.6264446
185,adding 91001/1000000,1680470310.6331866
186,adding 92001/1000000,1680470317.1222749
187,adding 92001/1000000,1680470317.1293404
188,adding 93001/1000000,1680470323.5303042
189,adding 93001/1000000,1680470323.5366166
190,adding 94001/1000000,1680470329.882004
191,adding 94001/1000000,1680470329.8885307
192,adding 95001/1000000,1680470335.9169276
193,adding 95001/1000000,1680470335.9230766
194,adding 96001/1000000,1680470342.135713
195,adding 96001/1000000,1680470342.1420517
196,adding 97001/1000000,1680470348.208981
197,adding 97001/1000000,1680470348.2146444
198,adding 98001/1000000,1680470354.5602686
199,adding 98001/1000000,1680470354.5665584
200,adding 99001/1000000,1680470361.0492122
201,adding 99001/1000000,1680470361.0543385
202,adding 100001/1000000,1680470367.3383403
203,adding 100001/1000000,1680470367.3512769
204,adding 101001/1000000,1680470373.7682111
205,adding 101001/1000000,1680470373.7742896
206,adding 102001/1000000,1680470379.9902837
207,adding 102001/1000000,1680470379.9968145
208,adding 103001/1000000,1680470385.9063244
209,adding 103001/1000000,1680470385.9117062
210,adding 104001/1000000,1680470391.909805
211,adding 104001/1000000,1680470391.9150221
212,adding 105001/1000000,1680470397.6775649
213,adding 105001/1000000,1680470397.6839795
214,adding 106001/1000000,1680470404.1361282
215,adding 106001/1000000,1680470404.1426098
216,adding 107001/1000000,1680470410.6814353
217,adding 107001/1000000,1680470410.6875684
218,adding 108001/1000000,1680470416.8126523
219,adding 108001/1000000,1680470416.8188653
220,adding 109001/1000000,1680470423.1639338
221,adding 109001/1000000,1680470423.1696072
222,adding 110001/1000000,1680470429.6280394
223,adding 110001/1000000,1680470429.6348853
224,adding 111001/1000000,1680470435.7155497
225,adding 111001/1000000,1680470435.7220905
226,adding 112001/1000000,1680470441.8686974
227,adding 112001/1000000,1680470441.876012
228,adding 113001/1000000,1680470448.2948828
229,adding 113001/1000000,1680470448.300733
230,adding 114001/1000000,1680470454.693109
231,adding 114001/1000000,1680470454.6990955
232,adding 115001/1000000,1680470461.089635
233,adding 115001/1000000,1680470461.0960958
234,adding 116001/1000000,1680470467.5075886
235,adding 116001/1000000,1680470467.5140078
236,adding 117001/1000000,1680470473.926308
237,adding 117001/1000000,1680470473.931914
238,adding 118001/1000000,1680470480.270528
239,adding 118001/1000000,1680470480.2760482
240,adding 119001/1000000,1680470486.938385
241,adding 119001/1000000,1680470486.9451814
242,adding 120001/1000000,1680470493.55425
243,adding 120001/1000000,1680470493.562075
244,adding 121001/1000000,1680470500.2003326
245,adding 121001/1000000,1680470500.2061422
246,adding 122001/1000000,1680470506.963883
247,adding 122001/1000000,1680470506.9703069
248,adding 123001/1000000,1680470513.3206086
249,adding 123001/1000000,1680470513.3266485
250,adding 124001/1000000,1680470519.650597
251,adding 124001/1000000,1680470519.6570234
252,adding 125001/1000000,1680470525.915813
253,adding 125001/1000000,1680470525.9286165
254,adding 126001/1000000,1680470532.1190774
255,adding 126001/1000000,1680470532.1256
256,adding 127001/1000000,1680470538.028857
257,adding 127001/1000000,1680470538.0349815
258,adding 128001/1000000,1680470544.0411637
259,adding 128001/1000000,1680470544.0478694
260,adding 129001/1000000,1680470550.0623698
261,adding 129001/1000000,1680470550.0699353
262,adding 130001/1000000,1680470556.7332175
263,adding 130001/1000000,1680470556.739617
264,adding 131001/1000000,1680470563.142002
265,adding 131001/1000000,1680470563.149469
266,adding 132001/1000000,1680470569.4072182
267,adding 132001/1000000,1680470569.4136705
268,adding 133001/1000000,1680470575.6679232
269,adding 133001/1000000,1680470575.6747098
270,adding 134001/1000000,1680470581.805728
271,adding 134001/1000000,1680470581.8128955
272,adding 135001/1000000,1680470588.1595206
273,adding 135001/1000000,1680470588.1675208
274,adding 136001/1000000,1680470594.3302422
275,adding 136001/1000000,1680470594.3365934
276,adding 137001/1000000,1680470600.840199
277,adding 137001/1000000,1680470600.8474927
278,adding 138001/1000000,1680470607.0183535
279,adding 138001/1000000,1680470607.0242631
280,adding 139001/1000000,1680470613.1053736
281,adding 139001/1000000,1680470613.1126757
282,adding 140001/1000000,1680470619.463823
283,adding 140001/1000000,1680470619.4699316
284,adding 141001/1000000,1680470625.7209976
285,adding 141001/1000000,1680470625.7258718
286,adding 142001/1000000,1680470631.8366117
287,adding 142001/1000000,1680470631.84291
288,adding 143001/1000000,1680470638.4946015
289,adding 143001/1000000,1680470638.5000691
290,adding 144001/1000000,1680470645.2058773
291,adding 144001/1000000,1680470645.2124405
292,adding 145001/1000000,1680470651.5393841
293,adding 145001/1000000,1680470651.5455363
294,adding 146001/1000000,1680470658.1856368
295,adding 146001/1000000,1680470658.1919382
296,adding 147001/1000000,1680470664.926603
297,adding 147001/1000000,1680470664.9325845
298,adding 148001/1000000,1680470671.6018777
299,adding 148001/1000000,1680470671.609084
300,adding 149001/1000000,1680470678.1893363
301,adding 149001/1000000,1680470678.1970558
302,adding 150001/1000000,1680470684.7245007
303,adding 150001/1000000,1680470684.730961
304,adding 151001/1000000,1680470690.8200142
305,adding 151001/1000000,1680470690.8259165
306,adding 152001/1000000,1680470697.1712677
307,adding 152001/1000000,1680470697.1776276
308,adding 153001/1000000,1680470703.964301
309,adding 153001/1000000,1680470703.971082
310,adding 154001/1000000,1680470710.7245815
311,adding 154001/1000000,1680470710.7332158
312,adding 155001/1000000,1680470717.3697548
313,adding 155001/1000000,1680470717.3766398
314,adding 156001/1000000,1680470723.6655068
315,adding 156001/1000000,1680470723.6725276
316,adding 157001/1000000,1680470730.278559
317,adding 157001/1000000,1680470730.2847981
318,adding 158001/1000000,1680470736.330814
319,adding 158001/1000000,1680470736.3378797
320,adding 159001/1000000,1680470742.6985838
321,adding 159001/1000000,1680470742.7043023
322,adding 160001/1000000,1680470748.9208717
323,adding 160001/1000000,1680470748.926697
324,adding 161001/1000000,1680470755.0670333
325,adding 161001/1000000,1680470755.0732882
326,adding 162001/1000000,1680470761.7569056
327,adding 162001/1000000,1680470761.7638454
328,adding 163001/1000000,1680470767.9690204
329,adding 163001/1000000,1680470767.9750917
330,adding 164001/1000000,1680470774.1796775
331,adding 164001/1000000,1680470774.1848805
332,adding 165001/1000000,1680470780.6957288
333,adding 165001/1000000,1680470780.70223
334,adding 166001/1000000,1680470787.0370405
335,adding 166001/1000000,1680470787.0431018
336,adding 167001/1000000,1680470793.0346408
337,adding 167001/1000000,1680470793.0413873
338,adding 168001/1000000,1680470799.6966105
339,adding 168001/1000000,1680470799.7024124
340,adding 169001/1000000,1680470806.0363438
341,adding 169001/1000000,1680470806.0421484
342,adding 170001/1000000,1680470812.0200727
343,adding 170001/1000000,1680470812.0249133
344,adding 171001/1000000,1680470817.805536
345,adding 171001/1000000,1680470817.811025
346,adding 172001/1000000,1680470823.9651291
347,adding 172001/1000000,1680470823.972181
348,adding 173001/1000000,1680470830.6397617
349,adding 173001/1000000,1680470830.646689
350,adding 174001/1000000,1680470836.8855886
351,adding 174001/1000000,1680470836.8914096
352,adding 175001/1000000,1680470843.554583
353,adding 175001/1000000,1680470843.5602748
354,adding 176001/1000000,1680470850.1501195
355,adding 176001/1000000,1680470850.1573632
356,adding 177001/1000000,1680470856.6893067
357,adding 177001/1000000,1680470856.6950905
358,adding 178001/1000000,1680470863.259552
359,adding 178001/1000000,1680470863.2667542
360,adding 179001/1000000,1680470869.7624714
361,adding 179001/1000000,1680470869.7687378
362,adding 180001/1000000,1680470876.0738533
363,adding 180001/1000000,1680470876.0807014
364,adding 181001/1000000,1680470882.414551
365,adding 181001/1000000,1680470882.4210703
366,adding 182001/1000000,1680470888.5619378
367,adding 182001/1000000,1680470888.56845
368,adding 183001/1000000,1680470895.1266477
369,adding 183001/1000000,1680470895.1324754
370,adding 184001/1000000,1680470901.5840337
371,adding 184001/1000000,1680470901.590998
372,adding 185001/1000000,1680470908.2151892
373,adding 185001/1000000,1680470908.2214246
374,adding 186001/1000000,1680470915.030057
375,adding 186001/1000000,1680470915.03787
376,adding 187001/1000000,1680470921.9553692
377,adding 187001/1000000,1680470921.962777
378,adding 188001/1000000,1680470928.8700073
379,adding 188001/1000000,1680470928.8770719
380,adding 189001/1000000,1680470935.9275978
381,adding 189001/1000000,1680470935.9359488
382,adding 190001/1000000,1680470943.0576954
383,adding 190001/1000000,1680470943.0635188
384,adding 191001/1000000,1680470949.3360593
385,adding 191001/1000000,1680470949.3427138
386,adding 192001/1000000,1680470955.990938
387,adding 192001/1000000,1680470955.9976213
388,adding 193001/1000000,1680470962.8267064
389,adding 193001/1000000,1680470962.8330224
390,adding 194001/1000000,1680470969.5070484
391,adding 194001/1000000,1680470969.5129821
392,adding 195001/1000000,1680470976.0247214
393,adding 195001/1000000,1680470976.0302072
394,adding 196001/1000000,1680470982.735395
395,adding 196001/1000000,1680470982.7416253
396,adding 197001/1000000,1680470989.1882896
397,adding 197001/1000000,1680470989.194532
398,adding 198001/1000000,1680470995.4061341
399,adding 198001/1000000,1680470995.4129198
400,adding 199001/1000000,1680471001.985693
401,adding 199001/1000000,1680471001.9916227
402,adding 200001/1000000,1680471008.1765804
403,adding 200001/1000000,1680471008.1839519
404,adding 201001/1000000,1680471014.660678
405,adding 201001/1000000,1680471014.6674943
406,adding 202001/1000000,1680471021.1247625
407,adding 202001/1000000,1680471021.1304274
408,adding 203001/1000000,1680471027.2942874
409,adding 203001/1000000,1680471027.2998407
410,adding 204001/1000000,1680471033.5395858
411,adding 204001/1000000,1680471033.5458372
412,adding 205001/1000000,1680471039.6594992
413,adding 205001/1000000,1680471039.6661935
414,adding 206001/1000000,1680471046.1239338
415,adding 206001/1000000,1680471046.1293163
416,adding 207001/1000000,1680471052.590448
417,adding 207001/1000000,1680471052.5973918
418,adding 208001/1000000,1680471059.1986074
419,adding 208001/1000000,1680471059.2048564
420,adding 209001/1000000,1680471065.5954669
421,adding 209001/1000000,1680471065.6008456
422,adding 210001/1000000,1680471072.2051177
423,adding 210001/1000000,1680471072.2114959
424,adding 211001/1000000,1680471078.44516
425,adding 211001/1000000,1680471078.4515765
426,adding 212001/1000000,1680471084.970596
427,adding 212001/1000000,1680471084.9781904
428,adding 213001/1000000,1680471091.3361025
429,adding 213001/1000000,1680471091.3418467
430,adding 214001/1000000,1680471100.6510375
431,adding 214001/1000000,1680471100.6580338
432,adding 215001/1000000,1680471107.4612002
433,adding 215001/1000000,1680471107.4684002
434,adding 216001/1000000,1680471114.3510847
435,adding 216001/1000000,1680471114.3580377
436,adding 217001/1000000,1680471121.147758
437,adding 217001/1000000,1680471121.154374
438,adding 218001/1000000,1680471127.2995257
439,adding 218001/1000000,1680471127.3062532
440,adding 219001/1000000,1680471133.7666442
441,adding 219001/1000000,1680471133.7736392
442,adding 220001/1000000,1680471140.5700295
443,adding 220001/1000000,1680471140.5760872
444,adding 221001/1000000,1680471146.8839703
445,adding 221001/1000000,1680471146.8897936
446,adding 222001/1000000,1680471153.0097494
447,adding 222001/1000000,1680471153.0165744
448,adding 223001/1000000,1680471159.4152546
449,adding 223001/1000000,1680471159.4227793
450,adding 224001/1000000,1680471166.2548852
451,adding 224001/1000000,1680471166.2617295
452,adding 225001/1000000,1680471173.1107821
453,adding 225001/1000000,1680471173.1167648
454,adding 226001/1000000,1680471179.8218603
455,adding 226001/1000000,1680471179.8283446
456,adding 227001/1000000,1680471186.6044915
457,adding 227001/1000000,1680471186.6105769
458,adding 228001/1000000,1680471193.4932017
459,adding 228001/1000000,1680471193.5006108
460,adding 229001/1000000,1680471200.3683
461,adding 229001/1000000,1680471200.37599
462,adding 230001/1000000,1680471207.2144034
463,adding 230001/1000000,1680471207.221263
464,adding 231001/1000000,1680471213.7716367
465,adding 231001/1000000,1680471213.7782238
466,adding 232001/1000000,1680471220.607958
467,adding 232001/1000000,1680471220.614943
468,adding 233001/1000000,1680471227.1436193
469,adding 233001/1000000,1680471227.1497917
470,adding 234001/1000000,1680471233.7225747
471,adding 234001/1000000,1680471233.729116
472,adding 235001/1000000,1680471240.1393535
473,adding 235001/1000000,1680471240.1457655
474,adding 236001/1000000,1680471246.511851
475,adding 236001/1000000,1680471246.517659
476,adding 237001/1000000,1680471252.5746105
477,adding 237001/1000000,1680471252.5802684
478,adding 238001/1000000,1680471259.4573822
479,adding 238001/1000000,1680471259.4656944
480,adding 239001/1000000,1680471266.2356865
481,adding 239001/1000000,1680471266.242371
482,adding 240001/1000000,1680471272.7193487
483,adding 240001/1000000,1680471272.725288
484,adding 241001/1000000,1680471279.5762851
485,adding 241001/1000000,1680471279.583591
486,adding 242001/1000000,1680471286.3320997
487,adding 242001/1000000,1680471286.339977
488,adding 243001/1000000,1680471293.0749848
489,adding 243001/1000000,1680471293.0809648
490,adding 244001/1000000,1680471299.9303207
491,adding 244001/1000000,1680471299.9376032
492,adding 245001/1000000,1680471306.2512314
493,adding 245001/1000000,1680471306.2574842
494,adding 246001/1000000,1680471312.4876628
495,adding 246001/1000000,1680471312.4941146
496,adding 247001/1000000,1680471318.7706304
497,adding 247001/1000000,1680471318.7768095
498,adding 248001/1000000,1680471325.2524314
499,adding 248001/1000000,1680471325.258594
500,adding 249001/1000000,1680471331.9393034
501,adding 249001/1000000,1680471331.9473205
502,adding 250001/1000000,1680471338.726144
503,adding 250001/1000000,1680471338.7324004
504,adding 251001/1000000,1680471345.854574
505,adding 251001/1000000,1680471345.8617415
506,adding 252001/1000000,1680471352.9064853
507,adding 252001/1000000,1680471352.912528
508,adding 253001/1000000,1680471359.557756
509,adding 253001/1000000,1680471359.5650795
510,adding 254001/1000000,1680471365.658593
511,adding 254001/1000000,1680471365.6650295
512,adding 255001/1000000,1680471372.0336177
513,adding 255001/1000000,1680471372.0394635
514,adding 256001/1000000,1680471378.5958862
515,adding 256001/1000000,1680471378.6022885
516,adding 257001/1000000,1680471385.567307
517,adding 257001/1000000,1680471385.5742497
518,adding 258001/1000000,1680471391.960765
519,adding 258001/1000000,1680471391.966754
520,adding 259001/1000000,1680471398.7181497
521,adding 259001/1000000,1680471398.7232947
522,adding 260001/1000000,1680471405.3847938
523,adding 260001/1000000,1680471405.3909419
524,adding 261001/1000000,1680471412.0654397
525,adding 261001/1000000,1680471412.072694
526,adding 262001/1000000,1680471418.415021
527,adding 262001/1000000,1680471418.4212642
528,adding 263001/1000000,1680471424.8217392
529,adding 263001/1000000,1680471424.82896
530,adding 264001/1000000,1680471431.429712
531,adding 264001/1000000,1680471431.4371233
532,adding 265001/1000000,1680471438.2379596
533,adding 265001/1000000,1680471438.2446644
534,adding 266001/1000000,1680471444.6367693
535,adding 266001/1000000,1680471444.6428514
536,adding 267001/1000000,1680471451.042546
537,adding 267001/1000000,1680471451.0489256
538,adding 268001/1000000,1680471457.621587
539,adding 268001/1000000,1680471457.6288013
540,adding 269001/1000000,1680471464.3483841
541,adding 269001/1000000,1680471464.355094
542,adding 270001/1000000,1680471470.904208
543,adding 270001/1000000,1680471470.9107943
544,adding 271001/1000000,1680471477.5716567
545,adding 271001/1000000,1680471477.5786064
546,adding 272001/1000000,1680471484.417073
547,adding 272001/1000000,1680471484.4246953
548,adding 273001/1000000,1680471491.1104562
549,adding 273001/1000000,1680471491.1165977
550,adding 274001/1000000,1680471498.0961459
551,adding 274001/1000000,1680471498.1027634
552,adding 275001/1000000,1680471504.7073975
553,adding 275001/1000000,1680471504.7132611
554,adding 276001/1000000,1680471511.0029192
555,adding 276001/1000000,1680471511.0092182
556,adding 277001/1000000,1680471517.5132823
557,adding 277001/1000000,1680471517.519879
558,adding 278001/1000000,1680471524.4330735
559,adding 278001/1000000,1680471524.4397163
560,adding 279001/1000000,1680471531.1266754
561,adding 279001/1000000,1680471531.1333199
562,adding 280001/1000000,1680471538.107258
563,adding 280001/1000000,1680471538.1137328
564,adding 281001/1000000,1680471545.1192882
565,adding 281001/1000000,1680471545.1259077
566,adding 282001/1000000,1680471552.112466
567,adding 282001/1000000,1680471552.1189191
568,adding 283001/1000000,1680471559.1075373
569,adding 283001/1000000,1680471559.1143382
570,adding 284001/1000000,1680471565.7434518
571,adding 284001/1000000,1680471565.7508304
572,adding 285001/1000000,1680471572.5336363
573,adding 285001/1000000,1680471572.5405695
574,adding 286001/1000000,1680471579.484134
575,adding 286001/1000000,1680471579.4905584
576,adding 287001/1000000,1680471586.4443188
577,adding 287001/1000000,1680471586.4519055
578,adding 288001/1000000,1680471593.209102
579,adding 288001/1000000,1680471593.2150826
580,adding 289001/1000000,1680471599.9171774
581,adding 289001/1000000,1680471599.9241436
582,adding 290001/1000000,1680471606.4198878
583,adding 290001/1000000,1680471606.4264338
584,adding 291001/1000000,1680471613.0319083
585,adding 291001/1000000,1680471613.038783
586,adding 292001/1000000,1680471620.3635814
587,adding 292001/1000000,1680471620.3699734
588,adding 293001/1000000,1680471627.248701
589,adding 293001/1000000,1680471627.2564375
590,adding 294001/1000000,1680471634.2342472
591,adding 294001/1000000,1680471634.2406895
592,adding 295001/1000000,1680471641.1435246
593,adding 295001/1000000,1680471641.1513653
594,adding 296001/1000000,1680471648.0464485
595,adding 296001/1000000,1680471648.0539424
596,adding 297001/1000000,1680471654.6965723
597,adding 297001/1000000,1680471654.7031834
598,adding 298001/1000000,1680471661.753399
599,adding 298001/1000000,1680471661.7597606
600,adding 299001/1000000,1680471668.7234406
601,adding 299001/1000000,1680471668.7303638
602,adding 300001/1000000,1680471675.4250119
603,adding 300001/1000000,1680471675.4317608
604,adding 301001/1000000,1680471682.3614087
605,adding 301001/1000000,1680471682.3683429
606,adding 302001/1000000,1680471688.825952
607,adding 302001/1000000,1680471688.8319342
608,adding 303001/1000000,1680471694.7373116
609,adding 303001/1000000,1680471694.7427225
610,adding 304001/1000000,1680471701.0726273
611,adding 304001/1000000,1680471701.0791728
612,adding 305001/1000000,1680471707.3512988
613,adding 305001/1000000,1680471707.3574593
614,adding 306001/1000000,1680471714.4072511
615,adding 306001/1000000,1680471714.4147048
616,adding 307001/1000000,1680471721.0070546
617,adding 307001/1000000,1680471721.0136669
618,adding 308001/1000000,1680471727.6127927
619,adding 308001/1000000,1680471727.6201024
620,adding 309001/1000000,1680471734.6449592
621,adding 309001/1000000,1680471734.651579
622,adding 310001/1000000,1680471741.8032255
623,adding 310001/1000000,1680471741.8097847
624,adding 311001/1000000,1680471748.7809587
625,adding 311001/1000000,1680471748.789018
626,adding 312001/1000000,1680471755.3436966
627,adding 312001/1000000,1680471755.3504994
628,adding 313001/1000000,1680471761.9657393
629,adding 313001/1000000,1680471761.9720778
630,adding 314001/1000000,1680471768.733026
631,adding 314001/1000000,1680471768.739692
632,adding 315001/1000000,1680471775.2643025
633,adding 315001/1000000,1680471775.2712858
634,adding 316001/1000000,1680471781.9565878
635,adding 316001/1000000,1680471781.9635525
636,adding 317001/1000000,1680471788.6689572
637,adding 317001/1000000,1680471788.6749363
638,adding 318001/1000000,1680471795.0740304
639,adding 318001/1000000,1680471795.0796168
640,adding 319001/1000000,1680471801.8501465
641,adding 319001/1000000,1680471801.85675
642,adding 320001/1000000,1680471808.8121622
643,adding 320001/1000000,1680471808.8192837
644,adding 321001/1000000,1680471815.7955778
645,adding 321001/1000000,1680471815.802096
646,adding 322001/1000000,1680471822.5706644
647,adding 322001/1000000,1680471822.5770447
648,adding 323001/1000000,1680471828.6163821
649,adding 323001/1000000,1680471828.6225576
650,adding 324001/1000000,1680471834.8236713
651,adding 324001/1000000,1680471834.8304472
652,adding 325001/1000000,1680471841.443773
653,adding 325001/1000000,1680471841.4507895
654,adding 326001/1000000,1680471848.128846
655,adding 326001/1000000,1680471848.1368086
656,adding 327001/1000000,1680471855.1725793
657,adding 327001/1000000,1680471855.177614
658,adding 328001/1000000,1680471861.3507602
659,adding 328001/1000000,1680471861.3570893
660,adding 329001/1000000,1680471867.7200832
661,adding 329001/1000000,1680471867.725477
662,adding 330001/1000000,1680471874.189159
663,adding 330001/1000000,1680471874.1940796
664,adding 331001/1000000,1680471880.9136467
665,adding 331001/1000000,1680471880.9201782
666,adding 332001/1000000,1680471887.5404458
667,adding 332001/1000000,1680471887.5480506
668,adding 333001/1000000,1680471894.0469878
669,adding 333001/1000000,1680471894.054051
670,adding 334001/1000000,1680471900.4217646
671,adding 334001/1000000,1680471900.4282775
672,adding 335001/1000000,1680471906.8755343
673,adding 335001/1000000,1680471906.8816376
674,adding 336001/1000000,1680471913.5994978
675,adding 336001/1000000,1680471913.6043737
676,adding 337001/1000000,1680471920.595856
677,adding 337001/1000000,1680471920.601635
678,adding 338001/1000000,1680471927.2686245
679,adding 338001/1000000,1680471927.2743814
680,adding 339001/1000000,1680471933.6797125
681,adding 339001/1000000,1680471933.6859517
682,adding 340001/1000000,1680471940.5693
683,adding 340001/1000000,1680471940.5762413
684,adding 341001/1000000,1680471946.936639
685,adding 341001/1000000,1680471946.943669
686,adding 342001/1000000,1680471953.4777064
687,adding 342001/1000000,1680471953.483952
688,adding 343001/1000000,1680471959.976416
689,adding 343001/1000000,1680471959.9843132
690,adding 344001/1000000,1680471966.5984197
691,adding 344001/1000000,1680471966.606048
692,adding 345001/1000000,1680471973.1553116
693,adding 345001/1000000,1680471973.1610656
694,adding 346001/1000000,1680471980.132959
695,adding 346001/1000000,1680471980.140773
696,adding 347001/1000000,1680471987.3863819
697,adding 347001/1000000,1680471987.394169
698,adding 348001/1000000,1680471994.672949
699,adding 348001/1000000,1680471994.680245
700,adding 349001/1000000,1680472001.7316852
701,adding 349001/1000000,1680472001.7384062
702,adding 350001/1000000,1680472008.9918902
703,adding 350001/1000000,1680472008.9997914
704,adding 351001/1000000,1680472015.5758758
705,adding 351001/1000000,1680472015.5824068
706,adding 352001/1000000,1680472022.3771293
707,adding 352001/1000000,1680472022.3847055
708,adding 353001/1000000,1680472029.435652
709,adding 353001/1000000,1680472029.4444063
710,adding 354001/1000000,1680472036.3993242
711,adding 354001/1000000,1680472036.4057615
712,adding 355001/1000000,1680472042.9411924
713,adding 355001/1000000,1680472042.9475703
714,adding 356001/1000000,1680472050.1908784
715,adding 356001/1000000,1680472050.1982124
716,adding 357001/1000000,1680472057.4262311
717,adding 357001/1000000,1680472057.433518
718,adding 358001/1000000,1680472064.6803472
719,adding 358001/1000000,1680472064.6862884
720,adding 359001/1000000,1680472071.9350147
721,adding 359001/1000000,1680472071.9412227
722,adding 360001/1000000,1680472079.1957386
723,adding 360001/1000000,1680472079.2016778
724,adding 361001/1000000,1680472085.868964
725,adding 361001/1000000,1680472085.8751838
726,adding 362001/1000000,1680472092.9427876
727,adding 362001/1000000,1680472092.951918
728,adding 363001/1000000,1680472100.3764162
729,adding 363001/1000000,1680472100.3839839
730,adding 364001/1000000,1680472107.5952504
731,adding 364001/1000000,1680472107.6032264
732,adding 365001/1000000,1680472114.8881178
733,adding 365001/1000000,1680472114.8960047
734,adding 366001/1000000,1680472122.236254
735,adding 366001/1000000,1680472122.2430925
736,adding 367001/1000000,1680472128.9545958
737,adding 367001/1000000,1680472128.961396
738,adding 368001/1000000,1680472135.644175
739,adding 368001/1000000,1680472135.6505795
740,adding 369001/1000000,1680472142.5051863
741,adding 369001/1000000,1680472142.5110352
742,adding 370001/1000000,1680472148.9288197
743,adding 370001/1000000,1680472148.935004
744,adding 371001/1000000,1680472155.6401782
745,adding 371001/1000000,1680472155.6464484
746,adding 372001/1000000,1680472162.4606423
747,adding 372001/1000000,1680472162.4677606
748,adding 373001/1000000,1680472169.1493874
749,adding 373001/1000000,1680472169.156018
750,adding 374001/1000000,1680472175.5764
751,adding 374001/1000000,1680472175.5828588
752,adding 375001/1000000,1680472182.0767174
753,adding 375001/1000000,1680472182.0831437
754,adding 376001/1000000,1680472188.135023
755,adding 376001/1000000,1680472188.1412346
756,adding 377001/1000000,1680472194.6595316
757,adding 377001/1000000,1680472194.6656346
758,adding 378001/1000000,1680472201.623789
759,adding 378001/1000000,1680472201.6305134
760,adding 379001/1000000,1680472208.4309535
761,adding 379001/1000000,1680472208.438148
762,adding 380001/1000000,1680472215.0882123
763,adding 380001/1000000,1680472215.0948532
764,adding 381001/1000000,1680472222.1147447
765,adding 381001/1000000,1680472222.120955
766,adding 382001/1000000,1680472229.054315
767,adding 382001/1000000,1680472229.062117
768,adding 383001/1000000,1680472235.3148088
769,adding 383001/1000000,1680472235.320895
770,adding 384001/1000000,1680472241.5176249
771,adding 384001/1000000,1680472241.524587
772,adding 385001/1000000,1680472248.4201827
773,adding 385001/1000000,1680472248.4277165
774,adding 386001/1000000,1680472255.4764028
775,adding 386001/1000000,1680472255.484334
776,adding 387001/1000000,1680472262.561907
777,adding 387001/1000000,1680472262.5691953
778,adding 388001/1000000,1680472269.6377504
779,adding 388001/1000000,1680472269.6447892
780,adding 389001/1000000,1680472276.4804347
781,adding 389001/1000000,1680472276.486461
782,adding 390001/1000000,1680472283.3059356
783,adding 390001/1000000,1680472283.3134494
784,adding 391001/1000000,1680472290.3823333
785,adding 391001/1000000,1680472290.388997
786,adding 392001/1000000,1680472297.560727
787,adding 392001/1000000,1680472297.5683725
788,adding 393001/1000000,1680472304.2177987
789,adding 393001/1000000,1680472304.2239604
790,adding 394001/1000000,1680472311.009688
791,adding 394001/1000000,1680472311.0153246
792,adding 395001/1000000,1680472317.6028662
793,adding 395001/1000000,1680472317.609176
794,adding 396001/1000000,1680472324.1664076
795,adding 396001/1000000,1680472324.1719193
796,adding 397001/1000000,1680472330.983187
797,adding 397001/1000000,1680472330.9907782
798,adding 398001/1000000,1680472337.7659416
799,adding 398001/1000000,1680472337.7724218
800,adding 399001/1000000,1680472344.502482
801,adding 399001/1000000,1680472344.5091655
802,adding 400001/1000000,1680472351.0796363
803,adding 400001/1000000,1680472351.085154
804,adding 401001/1000000,1680472357.736286
805,adding 401001/1000000,1680472357.743429
806,adding 402001/1000000,1680472364.7689462
807,adding 402001/1000000,1680472364.7763672
808,adding 403001/1000000,1680472371.8413737
809,adding 403001/1000000,1680472371.8482199
810,adding 404001/1000000,1680472378.9423988
811,adding 404001/1000000,1680472378.9504468
812,adding 405001/1000000,1680472386.0521762
813,adding 405001/1000000,1680472386.0594604
814,adding 406001/1000000,1680472392.9259555
815,adding 406001/1000000,1680472392.9323335
816,adding 407001/1000000,1680472399.511663
817,adding 407001/1000000,1680472399.5181644
818,adding 408001/1000000,1680472406.318227
819,adding 408001/1000000,1680472406.3246994
820,adding 409001/1000000,1680472412.8237906
821,adding 409001/1000000,1680472412.8312988
822,adding 410001/1000000,1680472419.5935333
823,adding 410001/1000000,1680472419.6012
824,adding 411001/1000000,1680472426.4511385
825,adding 411001/1000000,1680472426.4575772
826,adding 412001/1000000,1680472433.367862
827,adding 412001/1000000,1680472433.3751013
828,adding 413001/1000000,1680472440.181192
829,adding 413001/1000000,1680472440.189033
830,adding 414001/1000000,1680472447.3861656
831,adding 414001/1000000,1680472447.3942184
832,adding 415001/1000000,1680472454.2793493
833,adding 415001/1000000,1680472454.287199
834,adding 416001/1000000,1680472461.4884794
835,adding 416001/1000000,1680472461.4961834
836,adding 417001/1000000,1680472468.399751
837,adding 417001/1000000,1680472468.406992
838,adding 418001/1000000,1680472475.37008
839,adding 418001/1000000,1680472475.376255
840,adding 419001/1000000,1680472482.3992312
841,adding 419001/1000000,1680472482.4050848
842,adding 420001/1000000,1680472489.284223
843,adding 420001/1000000,1680472489.2907968
844,adding 421001/1000000,1680472496.2456808
845,adding 421001/1000000,1680472496.2531197
846,adding 422001/1000000,1680472503.026937
847,adding 422001/1000000,1680472503.0338213
848,adding 423001/1000000,1680472510.1349275
849,adding 423001/1000000,1680472510.141695
850,adding 424001/1000000,1680472517.1267614
851,adding 424001/1000000,1680472517.1338513
852,adding 425001/1000000,1680472524.4096422
853,adding 425001/1000000,1680472524.41774
854,adding 426001/1000000,1680472531.7453506
855,adding 426001/1000000,1680472531.7525752
856,adding 427001/1000000,1680472539.1196473
857,adding 427001/1000000,1680472539.1278832
858,adding 428001/1000000,1680472546.2559183
859,adding 428001/1000000,1680472546.2624173
860,adding 429001/1000000,1680472553.1166043
861,adding 429001/1000000,1680472553.123038
862,adding 430001/1000000,1680472559.7519214
863,adding 430001/1000000,1680472559.7593927
864,adding 431001/1000000,1680472566.8236127
865,adding 431001/1000000,1680472566.8298624
866,adding 432001/1000000,1680472573.8638935
867,adding 432001/1000000,1680472573.8704882
868,adding 433001/1000000,1680472580.6983035
869,adding 433001/1000000,1680472580.705192
870,adding 434001/1000000,1680472587.5930238
871,adding 434001/1000000,1680472587.5992393
872,adding 435001/1000000,1680472593.9615848
873,adding 435001/1000000,1680472593.9683816
874,adding 436001/1000000,1680472600.715073
875,adding 436001/1000000,1680472600.7213147
876,adding 437001/1000000,1680472607.7171078
877,adding 437001/1000000,1680472607.7241285
878,adding 438001/1000000,1680472614.6403182
879,adding 438001/1000000,1680472614.6465583
880,adding 439001/1000000,1680472621.3339844
881,adding 439001/1000000,1680472621.3400204
882,adding 440001/1000000,1680472628.1592782
883,adding 440001/1000000,1680472628.1663303
884,adding 441001/1000000,1680472634.699859
885,adding 441001/1000000,1680472634.7064195
886,adding 442001/1000000,1680472641.4735596
887,adding 442001/1000000,1680472641.4804144
888,adding 443001/1000000,1680472648.3417168
889,adding 443001/1000000,1680472648.3480504
890,adding 444001/1000000,1680472655.5154192
891,adding 444001/1000000,1680472655.5223222
892,adding 445001/1000000,1680472662.5368392
893,adding 445001/1000000,1680472662.545078
894,adding 446001/1000000,1680472669.2885525
895,adding 446001/1000000,1680472669.3025327
896,adding 447001/1000000,1680472676.35517
897,adding 447001/1000000,1680472676.3619745
898,adding 448001/1000000,1680472682.9962535
899,adding 448001/1000000,1680472683.0024083
900,adding 449001/1000000,1680472689.280446
901,adding 449001/1000000,1680472689.2861812
902,adding 450001/1000000,1680472695.8052664
903,adding 450001/1000000,1680472695.8120172
904,adding 451001/1000000,1680472703.0533614
905,adding 451001/1000000,1680472703.060655
906,adding 452001/1000000,1680472710.374545
907,adding 452001/1000000,1680472710.381033
908,adding 453001/1000000,1680472717.500451
909,adding 453001/1000000,1680472717.5075243
910,adding 454001/1000000,1680472724.262535
911,adding 454001/1000000,1680472724.2695076
912,adding 455001/1000000,1680472731.0241368
913,adding 455001/1000000,1680472731.0318406
914,adding 456001/1000000,1680472738.1303778
915,adding 456001/1000000,1680472738.1384425
916,adding 457001/1000000,1680472745.3771877
917,adding 457001/1000000,1680472745.3844085
918,adding 458001/1000000,1680472752.5912726
919,adding 458001/1000000,1680472752.5990171
920,adding 459001/1000000,1680472759.7797418
921,adding 459001/1000000,1680472759.7861388
922,adding 460001/1000000,1680472767.038147
923,adding 460001/1000000,1680472767.0456095
924,adding 461001/1000000,1680472774.1898916
925,adding 461001/1000000,1680472774.1965451
926,adding 462001/1000000,1680472780.7243955
927,adding 462001/1000000,1680472780.7318828
928,adding 463001/1000000,1680472787.286342
929,adding 463001/1000000,1680472787.2932234
930,adding 464001/1000000,1680472794.1729543
931,adding 464001/1000000,1680472794.1812494
932,adding 465001/1000000,1680472801.3680267
933,adding 465001/1000000,1680472801.3751905
934,adding 466001/1000000,1680472808.294975
935,adding 466001/1000000,1680472808.3014946
936,adding 467001/1000000,1680472814.583608
937,adding 467001/1000000,1680472814.5904443
938,adding 468001/1000000,1680472821.099147
939,adding 468001/1000000,1680472821.1047075
940,adding 469001/1000000,1680472827.5665286
941,adding 469001/1000000,1680472827.5711374
942,adding 470001/1000000,1680472833.9505203
943,adding 470001/1000000,1680472833.9569063
944,adding 471001/1000000,1680472840.5931785
945,adding 471001/1000000,1680472840.6004329
946,adding 472001/1000000,1680472847.7579148
947,adding 472001/1000000,1680472847.7632568
948,adding 473001/1000000,1680472854.754004
949,adding 473001/1000000,1680472854.7607715
950,adding 474001/1000000,1680472861.8408887
951,adding 474001/1000000,1680472861.847633
952,adding 475001/1000000,1680472868.601846
953,adding 475001/1000000,1680472868.609909
954,adding 476001/1000000,1680472875.369586
955,adding 476001/1000000,1680472875.3766053
956,adding 477001/1000000,1680472882.1966026
957,adding 477001/1000000,1680472882.2032921
958,adding 478001/1000000,1680472888.85202
959,adding 478001/1000000,1680472888.8599591
960,adding 479001/1000000,1680472895.4930694
961,adding 479001/1000000,1680472895.5010748
962,adding 480001/1000000,1680472902.636754
963,adding 480001/1000000,1680472902.6442285
964,adding 481001/1000000,1680472910.1936524
965,adding 481001/1000000,1680472910.2019439
966,adding 482001/1000000,1680472917.3362813
967,adding 482001/1000000,1680472917.3428233
968,adding 483001/1000000,1680472924.3962975
969,adding 483001/1000000,1680472924.4038036
970,adding 484001/1000000,1680472931.7873173
971,adding 484001/1000000,1680472931.795246
972,adding 485001/1000000,1680472938.9412951
973,adding 485001/1000000,1680472938.9501095
974,adding 486001/1000000,1680472946.196164
975,adding 486001/1000000,1680472946.202805
976,adding 487001/1000000,1680472953.5238671
977,adding 487001/1000000,1680472953.5316806
978,adding 488001/1000000,1680472960.4861937
979,adding 488001/1000000,1680472960.4942386
980,adding 489001/1000000,1680472967.3397355
981,adding 489001/1000000,1680472967.346092
982,adding 490001/1000000,1680472974.2068427
983,adding 490001/1000000,1680472974.2132037
984,adding 491001/1000000,1680472981.1885457
985,adding 491001/1000000,1680472981.1968358
986,adding 492001/1000000,1680472988.3728437
987,adding 492001/1000000,1680472988.381124
988,adding 493001/1000000,1680472995.7814991
989,adding 493001/1000000,1680472995.789528
990,adding 494001/1000000,1680473002.983699
991,adding 494001/1000000,1680473002.9905043
992,adding 495001/1000000,1680473009.80086
993,adding 495001/1000000,1680473009.8070724
994,adding 496001/1000000,1680473016.6115801
995,adding 496001/1000000,1680473016.618001
996,adding 497001/1000000,1680473023.3287375
997,adding 497001/1000000,1680473023.3350344
998,adding 498001/1000000,1680473030.506686
999,adding 498001/1000000,1680473030.5146194
1000,adding 499001/1000000,1680473037.7178226
1001,adding 499001/1000000,1680473037.7237818
1002,adding 500001/1000000,1680473044.7777197
1003,adding 500001/1000000,1680473044.785264
1004,adding 501001/1000000,1680473051.923246
1005,adding 501001/1000000,1680473051.9297104
1006,adding 502001/1000000,1680473059.1479335
1007,adding 502001/1000000,1680473059.15577
1008,adding 503001/1000000,1680473065.783034
1009,adding 503001/1000000,1680473065.7896018
1010,adding 504001/1000000,1680473072.8584902
1011,adding 504001/1000000,1680473072.864839
1012,adding 505001/1000000,1680473079.5924504
1013,adding 505001/1000000,1680473079.5997405
1014,adding 506001/1000000,1680473086.455807
1015,adding 506001/1000000,1680473086.4627964
1016,adding 507001/1000000,1680473093.1164634
1017,adding 507001/1000000,1680473093.1234465
1018,adding 508001/1000000,1680473099.964961
1019,adding 508001/1000000,1680473099.9725628
1020,adding 509001/1000000,1680473106.7593853
1021,adding 509001/1000000,1680473106.764976
1022,adding 510001/1000000,1680473113.9201236
1023,adding 510001/1000000,1680473113.9278848
1024,adding 511001/1000000,1680473121.4016838
1025,adding 511001/1000000,1680473121.4085345
1026,adding 512001/1000000,1680473128.85522
1027,adding 512001/1000000,1680473128.863729
1028,adding 513001/1000000,1680473136.1736755
1029,adding 513001/1000000,1680473136.180559
1030,adding 514001/1000000,1680473143.6384907
1031,adding 514001/1000000,1680473143.6463919
1032,adding 515001/1000000,1680473151.0331817
1033,adding 515001/1000000,1680473151.039623
1034,adding 516001/1000000,1680473158.2258549
1035,adding 516001/1000000,1680473158.2328541
1036,adding 517001/1000000,1680473165.708996
1037,adding 517001/1000000,1680473165.7154567
1038,adding 518001/1000000,1680473173.1761823
1039,adding 518001/1000000,1680473173.1834157
1040,adding 519001/1000000,1680473180.4915652
1041,adding 519001/1000000,1680473180.4991705
1042,adding 520001/1000000,1680473187.7862973
1043,adding 520001/1000000,1680473187.79424
1044,adding 521001/1000000,1680473195.0764468
1045,adding 521001/1000000,1680473195.0837126
1046,adding 522001/1000000,1680473201.6886218
1047,adding 522001/1000000,1680473201.6953626
1048,adding 523001/1000000,1680473208.8702815
1049,adding 523001/1000000,1680473208.8766253
1050,adding 524001/1000000,1680473215.725217
1051,adding 524001/1000000,1680473215.733051
1052,adding 525001/1000000,1680473222.5809405
1053,adding 525001/1000000,1680473222.5870411
1054,adding 526001/1000000,1680473230.0236692
1055,adding 526001/1000000,1680473230.0318584
1056,adding 527001/1000000,1680473237.1129804
1057,adding 527001/1000000,1680473237.1208627
1058,adding 528001/1000000,1680473244.129908
1059,adding 528001/1000000,1680473244.1363447
1060,adding 529001/1000000,1680473251.139176
1061,adding 529001/1000000,1680473251.147345
1062,adding 530001/1000000,1680473258.13112
1063,adding 530001/1000000,1680473258.1387906
1064,adding 531001/1000000,1680473264.6740267
1065,adding 531001/1000000,1680473264.6811001
1066,adding 532001/1000000,1680473271.1667664
1067,adding 532001/1000000,1680473271.1727545
1068,adding 533001/1000000,1680473278.2353885
1069,adding 533001/1000000,1680473278.2424312
1070,adding 534001/1000000,1680473285.2842066
1071,adding 534001/1000000,1680473285.2919667
1072,adding 535001/1000000,1680473292.5000174
1073,adding 535001/1000000,1680473292.506677
1074,adding 536001/1000000,1680473299.5149362
1075,adding 536001/1000000,1680473299.5213356
1076,adding 537001/1000000,1680473306.182064
1077,adding 537001/1000000,1680473306.1898656
1078,adding 538001/1000000,1680473313.1132317
1079,adding 538001/1000000,1680473313.1207442
1080,adding 539001/1000000,1680473320.2368956
1081,adding 539001/1000000,1680473320.2448835
1082,adding 540001/1000000,1680473327.504961
1083,adding 540001/1000000,1680473327.5105884
1084,adding 541001/1000000,1680473334.6130548
1085,adding 541001/1000000,1680473334.6201959
1086,adding 542001/1000000,1680473342.0377743
1087,adding 542001/1000000,1680473342.044189
1088,adding 543001/1000000,1680473349.4967911
1089,adding 543001/1000000,1680473349.5039701
1090,adding 544001/1000000,1680473356.67535
1091,adding 544001/1000000,1680473356.6834414
1092,adding 545001/1000000,1680473363.937657
1093,adding 545001/1000000,1680473363.9446619
1094,adding 546001/1000000,1680473370.8768425
1095,adding 546001/1000000,1680473370.8845475
1096,adding 547001/1000000,1680473377.898846
1097,adding 547001/1000000,1680473377.9064157
1098,adding 548001/1000000,1680473384.684434
1099,adding 548001/1000000,1680473384.6917753
1100,adding 549001/1000000,1680473391.3649087
1101,adding 549001/1000000,1680473391.372313
1102,adding 550001/1000000,1680473397.8158708
1103,adding 550001/1000000,1680473397.8236375
1104,adding 551001/1000000,1680473404.4699466
1105,adding 551001/1000000,1680473404.4768293
1106,adding 552001/1000000,1680473411.3638568
1107,adding 552001/1000000,1680473411.370668
1108,adding 553001/1000000,1680473418.1016412
1109,adding 553001/1000000,1680473418.108518
1110,adding 554001/1000000,1680473424.8801994
1111,adding 554001/1000000,1680473424.8874185
1112,adding 555001/1000000,1680473431.8034887
1113,adding 555001/1000000,1680473431.810737
1114,adding 556001/1000000,1680473438.6013074
1115,adding 556001/1000000,1680473438.60789
1116,adding 557001/1000000,1680473445.9277043
1117,adding 557001/1000000,1680473445.9359388
1118,adding 558001/1000000,1680473453.2047698
1119,adding 558001/1000000,1680473453.2111938
1120,adding 559001/1000000,1680473460.468509
1121,adding 559001/1000000,1680473460.4768596
1122,adding 560001/1000000,1680473467.7641304
1123,adding 560001/1000000,1680473467.7705302
1124,adding 561001/1000000,1680473474.4990466
1125,adding 561001/1000000,1680473474.5059755
1126,adding 562001/1000000,1680473481.2480066
1127,adding 562001/1000000,1680473481.2543678
1128,adding 563001/1000000,1680473488.3156033
1129,adding 563001/1000000,1680473488.3221054
1130,adding 564001/1000000,1680473495.217793
1131,adding 564001/1000000,1680473495.2242224
1132,adding 565001/1000000,1680473502.519716
1133,adding 565001/1000000,1680473502.5282679
1134,adding 566001/1000000,1680473509.834201
1135,adding 566001/1000000,1680473509.8416953
1136,adding 567001/1000000,1680473517.1258736
1137,adding 567001/1000000,1680473517.1346297
1138,adding 568001/1000000,1680473524.292156
1139,adding 568001/1000000,1680473524.2998288
1140,adding 569001/1000000,1680473530.7251775
1141,adding 569001/1000000,1680473530.7324555
1142,adding 570001/1000000,1680473537.175908
1143,adding 570001/1000000,1680473537.1816792
1144,adding 571001/1000000,1680473543.1403723
1145,adding 571001/1000000,1680473543.1459668
1146,adding 572001/1000000,1680473549.2215042
1147,adding 572001/1000000,1680473549.2271001
1148,adding 573001/1000000,1680473556.1335075
1149,adding 573001/1000000,1680473556.140446
1150,adding 574001/1000000,1680473563.0384884
1151,adding 574001/1000000,1680473563.0451488
1152,adding 575001/1000000,1680473570.3150756
1153,adding 575001/1000000,1680473570.3217106
1154,adding 576001/1000000,1680473577.7173755
1155,adding 576001/1000000,1680473577.7231038
1156,adding 577001/1000000,1680473584.613255
1157,adding 577001/1000000,1680473584.6189995
1158,adding 578001/1000000,1680473591.5880432
1159,adding 578001/1000000,1680473591.5942733
1160,adding 579001/1000000,1680473598.824158
1161,adding 579001/1000000,1680473598.831648
1162,adding 580001/1000000,1680473606.3102753
1163,adding 580001/1000000,1680473606.3176866
1164,adding 581001/1000000,1680473613.72058
1165,adding 581001/1000000,1680473613.7276783
1166,adding 582001/1000000,1680473621.2586114
1167,adding 582001/1000000,1680473621.2658901
1168,adding 583001/1000000,1680473628.43061
1169,adding 583001/1000000,1680473628.437263
1170,adding 584001/1000000,1680473635.4297502
1171,adding 584001/1000000,1680473635.4381583
1172,adding 585001/1000000,1680473642.44495
1173,adding 585001/1000000,1680473642.4519322
1174,adding 586001/1000000,1680473648.9680169
1175,adding 586001/1000000,1680473648.9762783
1176,adding 587001/1000000,1680473655.56644
1177,adding 587001/1000000,1680473655.574062
1178,adding 588001/1000000,1680473662.4750915
1179,adding 588001/1000000,1680473662.4807322
1180,adding 589001/1000000,1680473669.3891814
1181,adding 589001/1000000,1680473669.3957074
1182,adding 590001/1000000,1680473676.06763
1183,adding 590001/1000000,1680473676.0749497
1184,adding 591001/1000000,1680473682.6364117
1185,adding 591001/1000000,1680473682.643033
1186,adding 592001/1000000,1680473689.2811933
1187,adding 592001/1000000,1680473689.2874823
1188,adding 593001/1000000,1680473695.9543204
1189,adding 593001/1000000,1680473695.9620118
1190,adding 594001/1000000,1680473703.0032663
1191,adding 594001/1000000,1680473703.012352
1192,adding 595001/1000000,1680473710.2292042
1193,adding 595001/1000000,1680473710.2366192
1194,adding 596001/1000000,1680473717.5658236
1195,adding 596001/1000000,1680473717.5738914
1196,adding 597001/1000000,1680473724.848082
1197,adding 597001/1000000,1680473724.8549037
1198,adding 598001/1000000,1680473732.1673954
1199,adding 598001/1000000,1680473732.1732395
1200,adding 599001/1000000,1680473739.3623352
1201,adding 599001/1000000,1680473739.3684201
1202,adding 600001/1000000,1680473746.3233192
1203,adding 600001/1000000,1680473746.329936
1204,adding 601001/1000000,1680473753.146381
1205,adding 601001/1000000,1680473753.1522532
1206,adding 602001/1000000,1680473760.487009
1207,adding 602001/1000000,1680473760.4953058
1208,adding 603001/1000000,1680473767.9380233
1209,adding 603001/1000000,1680473767.9452212
1210,adding 604001/1000000,1680473775.5060534
1211,adding 604001/1000000,1680473775.512306
1212,adding 605001/1000000,1680473782.7523544
1213,adding 605001/1000000,1680473782.7594583
1214,adding 606001/1000000,1680473789.6129525
1215,adding 606001/1000000,1680473789.6191077
1216,adding 607001/1000000,1680473796.7184944
1217,adding 607001/1000000,1680473796.726876
1218,adding 608001/1000000,1680473803.9734523
1219,adding 608001/1000000,1680473803.9798172
1220,adding 609001/1000000,1680473810.847417
1221,adding 609001/1000000,1680473810.8548546
1222,adding 610001/1000000,1680473817.8130372
1223,adding 610001/1000000,1680473817.8208728
1224,adding 611001/1000000,1680473825.1696494
1225,adding 611001/1000000,1680473825.1775978
1226,adding 612001/1000000,1680473832.7407043
1227,adding 612001/1000000,1680473832.7473514
1228,adding 613001/1000000,1680473840.2655418
1229,adding 613001/1000000,1680473840.2741475
1230,adding 614001/1000000,1680473847.724155
1231,adding 614001/1000000,1680473847.730768
1232,adding 615001/1000000,1680473855.1883354
1233,adding 615001/1000000,1680473855.1946867
1234,adding 616001/1000000,1680473862.6336613
1235,adding 616001/1000000,1680473862.6408136
1236,adding 617001/1000000,1680473869.687269
1237,adding 617001/1000000,1680473869.6956809
1238,adding 618001/1000000,1680473876.6766322
1239,adding 618001/1000000,1680473876.683786
1240,adding 619001/1000000,1680473883.4241238
1241,adding 619001/1000000,1680473883.431176
1242,adding 620001/1000000,1680473890.6788151
1243,adding 620001/1000000,1680473890.6871579
1244,adding 621001/1000000,1680473897.7156615
1245,adding 621001/1000000,1680473897.7233503
1246,adding 622001/1000000,1680473904.7664456
1247,adding 622001/1000000,1680473904.7729676
1248,adding 623001/1000000,1680473911.7885165
1249,adding 623001/1000000,1680473911.7964745
1250,adding 624001/1000000,1680473918.7881722
1251,adding 624001/1000000,1680473918.7943482
1252,adding 625001/1000000,1680473925.8280554
1253,adding 625001/1000000,1680473925.834941
1254,adding 626001/1000000,1680473932.868225
1255,adding 626001/1000000,1680473932.8738492
1256,adding 627001/1000000,1680473939.3585224
1257,adding 627001/1000000,1680473939.3653
1258,adding 628001/1000000,1680473945.9720445
1259,adding 628001/1000000,1680473945.978184
1260,adding 629001/1000000,1680473953.0845535
1261,adding 629001/1000000,1680473953.0915322
1262,adding 630001/1000000,1680473960.0866282
1263,adding 630001/1000000,1680473960.092959
1264,adding 631001/1000000,1680473967.0403605
1265,adding 631001/1000000,1680473967.0477026
1266,adding 632001/1000000,1680473974.1305385
1267,adding 632001/1000000,1680473974.1369874
1268,adding 633001/1000000,1680473981.0519814
1269,adding 633001/1000000,1680473981.0591235
1270,adding 634001/1000000,1680473988.0466797
1271,adding 634001/1000000,1680473988.0530906
1272,adding 635001/1000000,1680473995.1986256
1273,adding 635001/1000000,1680473995.2058065
1274,adding 636001/1000000,1680474002.5041795
1275,adding 636001/1000000,1680474002.5110898
1276,adding 637001/1000000,1680474009.8166986
1277,adding 637001/1000000,1680474009.824733
1278,adding 638001/1000000,1680474017.2161705
1279,adding 638001/1000000,1680474017.2238424
1280,adding 639001/1000000,1680474024.3808217
1281,adding 639001/1000000,1680474024.3871312
1282,adding 640001/1000000,1680474031.5857346
1283,adding 640001/1000000,1680474031.5912826
1284,adding 641001/1000000,1680474038.420835
1285,adding 641001/1000000,1680474038.4278169
1286,adding 642001/1000000,1680474045.6327932
1287,adding 642001/1000000,1680474045.6391587
1288,adding 643001/1000000,1680474052.8860788
1289,adding 643001/1000000,1680474052.893411
1290,adding 644001/1000000,1680474059.826157
1291,adding 644001/1000000,1680474059.8340251
1292,adding 645001/1000000,1680474066.5626442
1293,adding 645001/1000000,1680474066.5695522
1294,adding 646001/1000000,1680474073.4377968
1295,adding 646001/1000000,1680474073.4462864
1296,adding 647001/1000000,1680474080.7122433
1297,adding 647001/1000000,1680474080.719913
1298,adding 648001/1000000,1680474088.0018647
1299,adding 648001/1000000,1680474088.0092583
1300,adding 649001/1000000,1680474095.3034005
1301,adding 649001/1000000,1680474095.3116663
1302,adding 650001/1000000,1680474102.497951
1303,adding 650001/1000000,1680474102.5060859
1304,adding 651001/1000000,1680474109.5671024
1305,adding 651001/1000000,1680474109.574499
1306,adding 652001/1000000,1680474116.7074022
1307,adding 652001/1000000,1680474116.7147875
1308,adding 653001/1000000,1680474123.7898557
1309,adding 653001/1000000,1680474123.79618
1310,adding 654001/1000000,1680474130.7452269
1311,adding 654001/1000000,1680474130.7519777
1312,adding 655001/1000000,1680474138.116145
1313,adding 655001/1000000,1680474138.122691
1314,adding 656001/1000000,1680474145.563145
1315,adding 656001/1000000,1680474145.5697868
1316,adding 657001/1000000,1680474153.015039
1317,adding 657001/1000000,1680474153.0216773
1318,adding 658001/1000000,1680474159.8735604
1319,adding 658001/1000000,1680474159.8820877
1320,adding 659001/1000000,1680474167.16096
1321,adding 659001/1000000,1680474167.167677
1322,adding 660001/1000000,1680474174.160083
1323,adding 660001/1000000,1680474174.1665633
1324,adding 661001/1000000,1680474181.247638
1325,adding 661001/1000000,1680474181.2555912
1326,adding 662001/1000000,1680474188.8342884
1327,adding 662001/1000000,1680474188.841797
1328,adding 663001/1000000,1680474196.2813993
1329,adding 663001/1000000,1680474196.2881565
1330,adding 664001/1000000,1680474202.8626633
1331,adding 664001/1000000,1680474202.8689797
1332,adding 665001/1000000,1680474209.8394225
1333,adding 665001/1000000,1680474209.8480477
1334,adding 666001/1000000,1680474217.3341343
1335,adding 666001/1000000,1680474217.3415847
1336,adding 667001/1000000,1680474224.5800853
1337,adding 667001/1000000,1680474224.5865638
1338,adding 668001/1000000,1680474231.5567656
1339,adding 668001/1000000,1680474231.5642486
1340,adding 669001/1000000,1680474238.824196
1341,adding 669001/1000000,1680474238.8325465
1342,adding 670001/1000000,1680474246.0426419
1343,adding 670001/1000000,1680474246.0509267
1344,adding 671001/1000000,1680474253.2895057
1345,adding 671001/1000000,1680474253.2964077
1346,adding 672001/1000000,1680474260.4189165
1347,adding 672001/1000000,1680474260.4251597
1348,adding 673001/1000000,1680474267.4501932
1349,adding 673001/1000000,1680474267.456709
1350,adding 674001/1000000,1680474273.9365108
1351,adding 674001/1000000,1680474273.9428933
1352,adding 675001/1000000,1680474280.7461445
1353,adding 675001/1000000,1680474280.7511826
1354,adding 676001/1000000,1680474287.5208883
1355,adding 676001/1000000,1680474287.5279973
1356,adding 677001/1000000,1680474294.6580696
1357,adding 677001/1000000,1680474294.665384
1358,adding 678001/1000000,1680474301.9368732
1359,adding 678001/1000000,1680474301.9458294
1360,adding 679001/1000000,1680474309.3172953
1361,adding 679001/1000000,1680474309.3257105
1362,adding 680001/1000000,1680474316.8482957
1363,adding 680001/1000000,1680474316.8554962
1364,adding 681001/1000000,1680474323.7076795
1365,adding 681001/1000000,1680474323.7147791
1366,adding 682001/1000000,1680474330.7034109
1367,adding 682001/1000000,1680474330.7114327
1368,adding 683001/1000000,1680474337.8364792
1369,adding 683001/1000000,1680474337.8416543
1370,adding 684001/1000000,1680474345.1469247
1371,adding 684001/1000000,1680474345.1542187
1372,adding 685001/1000000,1680474352.0064018
1373,adding 685001/1000000,1680474352.0132089
1374,adding 686001/1000000,1680474358.482479
1375,adding 686001/1000000,1680474358.4879704
1376,adding 687001/1000000,1680474365.2265759
1377,adding 687001/1000000,1680474365.2339704
1378,adding 688001/1000000,1680474372.2489338
1379,adding 688001/1000000,1680474372.2558193
1380,adding 689001/1000000,1680474379.632731
1381,adding 689001/1000000,1680474379.639863
1382,adding 690001/1000000,1680474386.3377774
1383,adding 690001/1000000,1680474386.3456864
1384,adding 691001/1000000,1680474393.4413595
1385,adding 691001/1000000,1680474393.4481647
1386,adding 692001/1000000,1680474400.4211793
1387,adding 692001/1000000,1680474400.4287891
1388,adding 693001/1000000,1680474407.5637941
1389,adding 693001/1000000,1680474407.5707598
1390,adding 694001/1000000,1680474414.2448714
1391,adding 694001/1000000,1680474414.2517989
1392,adding 695001/1000000,1680474421.3317118
1393,adding 695001/1000000,1680474421.3379283
1394,adding 696001/1000000,1680474428.2413743
1395,adding 696001/1000000,1680474428.2472792
1396,adding 697001/1000000,1680474434.3307438
1397,adding 697001/1000000,1680474434.3369215
1398,adding 698001/1000000,1680474441.0644557
1399,adding 698001/1000000,1680474441.0707722
1400,adding 699001/1000000,1680474448.0221474
1401,adding 699001/1000000,1680474448.0282948
1402,adding 700001/1000000,1680474455.1013668
1403,adding 700001/1000000,1680474455.1072853
1404,adding 701001/1000000,1680474462.1392233
1405,adding 701001/1000000,1680474462.147654
1406,adding 702001/1000000,1680474469.274506
1407,adding 702001/1000000,1680474469.2815413
1408,adding 703001/1000000,1680474476.2036653
1409,adding 703001/1000000,1680474476.210094
1410,adding 704001/1000000,1680474483.0279925
1411,adding 704001/1000000,1680474483.0362787
1412,adding 705001/1000000,1680474490.0480905
1413,adding 705001/1000000,1680474490.0545354
1414,adding 706001/1000000,1680474497.429509
1415,adding 706001/1000000,1680474497.4362285
1416,adding 707001/1000000,1680474504.6359365
1417,adding 707001/1000000,1680474504.6430366
1418,adding 708001/1000000,1680474511.807757
1419,adding 708001/1000000,1680474511.8154511
1420,adding 709001/1000000,1680474519.2026992
1421,adding 709001/1000000,1680474519.2104506
1422,adding 710001/1000000,1680474526.62059
1423,adding 710001/1000000,1680474526.6264994
1424,adding 711001/1000000,1680474533.8807158
1425,adding 711001/1000000,1680474533.8890522
1426,adding 712001/1000000,1680474541.3527942
1427,adding 712001/1000000,1680474541.3604996
1428,adding 713001/1000000,1680474548.6910143
1429,adding 713001/1000000,1680474548.6986008
1430,adding 714001/1000000,1680474556.199725
1431,adding 714001/1000000,1680474556.2072358
1432,adding 715001/1000000,1680474563.4016218
1433,adding 715001/1000000,1680474563.4078844
1434,adding 716001/1000000,1680474570.4702728
1435,adding 716001/1000000,1680474570.4776952
1436,adding 717001/1000000,1680474577.605864
1437,adding 717001/1000000,1680474577.613528
1438,adding 718001/1000000,1680474585.5275755
1439,adding 718001/1000000,1680474585.5352068
1440,adding 719001/1000000,1680474593.3527696
1441,adding 719001/1000000,1680474593.3594384
1442,adding 720001/1000000,1680474601.7160153
1443,adding 720001/1000000,1680474601.723112
1444,adding 721001/1000000,1680474609.2020583
1445,adding 721001/1000000,1680474609.2091231
1446,adding 722001/1000000,1680474616.6956291
1447,adding 722001/1000000,1680474616.702916
1448,adding 723001/1000000,1680474623.5552573
1449,adding 723001/1000000,1680474623.560633
1450,adding 724001/1000000,1680474630.6264713
1451,adding 724001/1000000,1680474630.6334136
1452,adding 725001/1000000,1680474637.7609553
1453,adding 725001/1000000,1680474637.7687247
1454,adding 726001/1000000,1680474644.7684977
1455,adding 726001/1000000,1680474644.7755458
1456,adding 727001/1000000,1680474651.7577755
1457,adding 727001/1000000,1680474651.7644246
1458,adding 728001/1000000,1680474658.851458
1459,adding 728001/1000000,1680474658.8583808
1460,adding 729001/1000000,1680474665.7227619
1461,adding 729001/1000000,1680474665.7293937
1462,adding 730001/1000000,1680474672.5390356
1463,adding 730001/1000000,1680474672.5460494
1464,adding 731001/1000000,1680474679.3597207
1465,adding 731001/1000000,1680474679.3657258
1466,adding 732001/1000000,1680474686.0906553
1467,adding 732001/1000000,1680474686.0978565
1468,adding 733001/1000000,1680474692.7295048
1469,adding 733001/1000000,1680474692.7363164
1470,adding 734001/1000000,1680474699.4316497
1471,adding 734001/1000000,1680474699.43778
1472,adding 735001/1000000,1680474706.2553158
1473,adding 735001/1000000,1680474706.2618093
1474,adding 736001/1000000,1680474712.7910275
1475,adding 736001/1000000,1680474712.7981622
1476,adding 737001/1000000,1680474719.7381277
1477,adding 737001/1000000,1680474719.7457275
1478,adding 738001/1000000,1680474726.6155875
1479,adding 738001/1000000,1680474726.6220398
1480,adding 739001/1000000,1680474733.5309343
1481,adding 739001/1000000,1680474733.5379004
1482,adding 740001/1000000,1680474740.4806392
1483,adding 740001/1000000,1680474740.4868057
1484,adding 741001/1000000,1680474747.2323287
1485,adding 741001/1000000,1680474747.2400184
1486,adding 742001/1000000,1680474754.026254
1487,adding 742001/1000000,1680474754.03242
1488,adding 743001/1000000,1680474760.9360442
1489,adding 743001/1000000,1680474760.9434688
1490,adding 744001/1000000,1680474767.8916433
1491,adding 744001/1000000,1680474767.8990195
1492,adding 745001/1000000,1680474774.5389717
1493,adding 745001/1000000,1680474774.545442
1494,adding 746001/1000000,1680474781.5621803
1495,adding 746001/1000000,1680474781.569605
1496,adding 747001/1000000,1680474788.7487
1497,adding 747001/1000000,1680474788.7561677
1498,adding 748001/1000000,1680474795.8992522
1499,adding 748001/1000000,1680474795.9057052
1500,adding 749001/1000000,1680474802.622493
1501,adding 749001/1000000,1680474802.6288922
1502,adding 750001/1000000,1680474810.228057
1503,adding 750001/1000000,1680474810.2347972
1504,adding 751001/1000000,1680474817.1549752
1505,adding 751001/1000000,1680474817.1614048
1506,adding 752001/1000000,1680474824.307414
1507,adding 752001/1000000,1680474824.3153865
1508,adding 753001/1000000,1680474831.5076413
1509,adding 753001/1000000,1680474831.5154011
1510,adding 754001/1000000,1680474838.6826563
1511,adding 754001/1000000,1680474838.6893783
1512,adding 755001/1000000,1680474845.5126932
1513,adding 755001/1000000,1680474845.5195475
1514,adding 756001/1000000,1680474852.5677044
1515,adding 756001/1000000,1680474852.5744295
1516,adding 757001/1000000,1680474859.4569695
1517,adding 757001/1000000,1680474859.463048
1518,adding 758001/1000000,1680474866.626949
1519,adding 758001/1000000,1680474866.63374
1520,adding 759001/1000000,1680474873.4351134
1521,adding 759001/1000000,1680474873.4420383
1522,adding 760001/1000000,1680474880.809018
1523,adding 760001/1000000,1680474880.8175023
1524,adding 761001/1000000,1680474888.3967552
1525,adding 761001/1000000,1680474888.404198
1526,adding 762001/1000000,1680474895.432308
1527,adding 762001/1000000,1680474895.4380574
1528,adding 763001/1000000,1680474902.7380517
1529,adding 763001/1000000,1680474902.7452955
1530,adding 764001/1000000,1680474910.1700718
1531,adding 764001/1000000,1680474910.1776783
1532,adding 765001/1000000,1680474917.5384586
1533,adding 765001/1000000,1680474917.545301
1534,adding 766001/1000000,1680474924.9455838
1535,adding 766001/1000000,1680474924.9515743
1536,adding 767001/1000000,1680474932.310007
1537,adding 767001/1000000,1680474932.316721
1538,adding 768001/1000000,1680474939.0160825
1539,adding 768001/1000000,1680474939.0220342
1540,adding 769001/1000000,1680474945.7112005
1541,adding 769001/1000000,1680474945.7169688
1542,adding 770001/1000000,1680474952.4585307
1543,adding 770001/1000000,1680474952.465639
1544,adding 771001/1000000,1680474960.0422888
1545,adding 771001/1000000,1680474960.0497115
1546,adding 772001/1000000,1680474967.3101656
1547,adding 772001/1000000,1680474967.317435
1548,adding 773001/1000000,1680474974.8210733
1549,adding 773001/1000000,1680474974.828142
1550,adding 774001/1000000,1680474982.410829
1551,adding 774001/1000000,1680474982.4190645
1552,adding 775001/1000000,1680474989.9421644
1553,adding 775001/1000000,1680474989.9493153
1554,adding 776001/1000000,1680474996.983117
1555,adding 776001/1000000,1680474996.988906
1556,adding 777001/1000000,1680475003.9101698
1557,adding 777001/1000000,1680475003.9179802
1558,adding 778001/1000000,1680475010.8055687
1559,adding 778001/1000000,1680475010.8123705
1560,adding 779001/1000000,1680475017.8752387
1561,adding 779001/1000000,1680475017.882137
1562,adding 780001/1000000,1680475024.6585069
1563,adding 780001/1000000,1680475024.6661115
1564,adding 781001/1000000,1680475031.976243
1565,adding 781001/1000000,1680475031.9838395
1566,adding 782001/1000000,1680475039.2048185
1567,adding 782001/1000000,1680475039.2129188
1568,adding 783001/1000000,1680475046.564341
1569,adding 783001/1000000,1680475046.5706716
1570,adding 784001/1000000,1680475053.9259553
1571,adding 784001/1000000,1680475053.9330611
1572,adding 785001/1000000,1680475061.370233
1573,adding 785001/1000000,1680475061.3779016
1574,adding 786001/1000000,1680475068.7800498
1575,adding 786001/1000000,1680475068.7870615
1576,adding 787001/1000000,1680475076.200203
1577,adding 787001/1000000,1680475076.2080576
1578,adding 788001/1000000,1680475082.9702578
1579,adding 788001/1000000,1680475082.976043
1580,adding 789001/1000000,1680475090.0105999
1581,adding 789001/1000000,1680475090.0181808
1582,adding 790001/1000000,1680475096.9695086
1583,adding 790001/1000000,1680475096.9767163
1584,adding 791001/1000000,1680475103.981174
1585,adding 791001/1000000,1680475103.9883888
1586,adding 792001/1000000,1680475111.1557903
1587,adding 792001/1000000,1680475111.1622374
1588,adding 793001/1000000,1680475118.2063959
1589,adding 793001/1000000,1680475118.2124352
1590,adding 794001/1000000,1680475125.2791324
1591,adding 794001/1000000,1680475125.2856817
1592,adding 795001/1000000,1680475132.2568722
1593,adding 795001/1000000,1680475132.2636507
1594,adding 796001/1000000,1680475139.4518862
1595,adding 796001/1000000,1680475139.45903
1596,adding 797001/1000000,1680475146.5628304
1597,adding 797001/1000000,1680475146.5690427
1598,adding 798001/1000000,1680475153.612808
1599,adding 798001/1000000,1680475153.6203904
1600,adding 799001/1000000,1680475160.9613752
1601,adding 799001/1000000,1680475160.966523
1602,adding 800001/1000000,1680475167.6934934
1603,adding 800001/1000000,1680475167.701906
1604,adding 801001/1000000,1680475174.3659935
1605,adding 801001/1000000,1680475174.3725636
1606,adding 802001/1000000,1680475181.446987
1607,adding 802001/1000000,1680475181.454778
1608,adding 803001/1000000,1680475188.7234497
1609,adding 803001/1000000,1680475188.730163
1610,adding 804001/1000000,1680475195.8686383
1611,adding 804001/1000000,1680475195.875406
1612,adding 805001/1000000,1680475203.1591117
1613,adding 805001/1000000,1680475203.166194
1614,adding 806001/1000000,1680475210.197291
1615,adding 806001/1000000,1680475210.2048717
1616,adding 807001/1000000,1680475217.066291
1617,adding 807001/1000000,1680475217.0747416
1618,adding 808001/1000000,1680475224.4016776
1619,adding 808001/1000000,1680475224.4084315
1620,adding 809001/1000000,1680475231.5766373
1621,adding 809001/1000000,1680475231.582009
1622,adding 810001/1000000,1680475238.4872565
1623,adding 810001/1000000,1680475238.4937935
1624,adding 811001/1000000,1680475245.8484402
1625,adding 811001/1000000,1680475245.8547103
1626,adding 812001/1000000,1680475252.8386781
1627,adding 812001/1000000,1680475252.8453677
1628,adding 813001/1000000,1680475259.7751157
1629,adding 813001/1000000,1680475259.781728
1630,adding 814001/1000000,1680475267.4612663
1631,adding 814001/1000000,1680475267.4692943
1632,adding 815001/1000000,1680475275.0537407
1633,adding 815001/1000000,1680475275.0609698
1634,adding 816001/1000000,1680475282.7452548
1635,adding 816001/1000000,1680475282.753385
1636,adding 817001/1000000,1680475290.245661
1637,adding 817001/1000000,1680475290.2531714
1638,adding 818001/1000000,1680475297.6793654
1639,adding 818001/1000000,1680475297.68589
1640,adding 819001/1000000,1680475304.712591
1641,adding 819001/1000000,1680475304.7196693
1642,adding 820001/1000000,1680475311.5810242
1643,adding 820001/1000000,1680475311.5907705
1644,adding 821001/1000000,1680475318.7655478
1645,adding 821001/1000000,1680475318.7730436
1646,adding 822001/1000000,1680475326.2085536
1647,adding 822001/1000000,1680475326.2149851
1648,adding 823001/1000000,1680475333.781175
1649,adding 823001/1000000,1680475333.7882347
1650,adding 824001/1000000,1680475340.9828885
1651,adding 824001/1000000,1680475340.9901958
1652,adding 825001/1000000,1680475347.801648
1653,adding 825001/1000000,1680475347.8087313
1654,adding 826001/1000000,1680475354.3469105
1655,adding 826001/1000000,1680475354.3542743
1656,adding 827001/1000000,1680475361.512934
1657,adding 827001/1000000,1680475361.5214124
1658,adding 828001/1000000,1680475369.0161355
1659,adding 828001/1000000,1680475369.0240731
1660,adding 829001/1000000,1680475376.682099
1661,adding 829001/1000000,1680475376.6896691
1662,adding 830001/1000000,1680475384.3279326
1663,adding 830001/1000000,1680475384.3352911
1664,adding 831001/1000000,1680475391.4897246
1665,adding 831001/1000000,1680475391.4976697
1666,adding 832001/1000000,1680475398.9813154
1667,adding 832001/1000000,1680475398.9883003
1668,adding 833001/1000000,1680475406.4110715
1669,adding 833001/1000000,1680475406.4176989
1670,adding 834001/1000000,1680475413.589105
1671,adding 834001/1000000,1680475413.5964966
1672,adding 835001/1000000,1680475420.5851288
1673,adding 835001/1000000,1680475420.5926223
1674,adding 836001/1000000,1680475427.433228
1675,adding 836001/1000000,1680475427.4394848
1676,adding 837001/1000000,1680475434.3960764
1677,adding 837001/1000000,1680475434.4039958
1678,adding 838001/1000000,1680475441.4320226
1679,adding 838001/1000000,1680475441.438861
1680,adding 839001/1000000,1680475448.6714828
1681,adding 839001/1000000,1680475448.6775444
1682,adding 840001/1000000,1680475456.0590062
1683,adding 840001/1000000,1680475456.0670805
1684,adding 841001/1000000,1680475463.494756
1685,adding 841001/1000000,1680475463.5018198
1686,adding 842001/1000000,1680475470.2477176
1687,adding 842001/1000000,1680475470.2538204
1688,adding 843001/1000000,1680475477.319524
1689,adding 843001/1000000,1680475477.3273652
1690,adding 844001/1000000,1680475484.4200017
1691,adding 844001/1000000,1680475484.4270463
1692,adding 845001/1000000,1680475491.3175733
1693,adding 845001/1000000,1680475491.3243208
1694,adding 846001/1000000,1680475498.6942983
1695,adding 846001/1000000,1680475498.7017288
1696,adding 847001/1000000,1680475506.0396438
1697,adding 847001/1000000,1680475506.0469632
1698,adding 848001/1000000,1680475513.3094327
1699,adding 848001/1000000,1680475513.317832
1700,adding 849001/1000000,1680475520.9447875
1701,adding 849001/1000000,1680475520.9526584
1702,adding 850001/1000000,1680475528.0557837
1703,adding 850001/1000000,1680475528.0631623
1704,adding 851001/1000000,1680475535.1062758
1705,adding 851001/1000000,1680475535.1142542
1706,adding 852001/1000000,1680475542.3122299
1707,adding 852001/1000000,1680475542.3192542
1708,adding 853001/1000000,1680475549.4163637
1709,adding 853001/1000000,1680475549.4240613
1710,adding 854001/1000000,1680475556.5503306
1711,adding 854001/1000000,1680475556.5576394
1712,adding 855001/1000000,1680475563.9578927
1713,adding 855001/1000000,1680475563.9637916
1714,adding 856001/1000000,1680475571.3770528
1715,adding 856001/1000000,1680475571.3839283
1716,adding 857001/1000000,1680475578.8827214
1717,adding 857001/1000000,1680475578.8896816
1718,adding 858001/1000000,1680475586.2056067
1719,adding 858001/1000000,1680475586.213834
1720,adding 859001/1000000,1680475593.7728784
1721,adding 859001/1000000,1680475593.7807152
1722,adding 860001/1000000,1680475601.5774338
1723,adding 860001/1000000,1680475601.5850341
1724,adding 861001/1000000,1680475609.222832
1725,adding 861001/1000000,1680475609.2297752
1726,adding 862001/1000000,1680475616.8857827
1727,adding 862001/1000000,1680475616.8936243
1728,adding 863001/1000000,1680475623.4881887
1729,adding 863001/1000000,1680475623.495348
1730,adding 864001/1000000,1680475630.3978868
1731,adding 864001/1000000,1680475630.4046633
1732,adding 865001/1000000,1680475637.4593933
1733,adding 865001/1000000,1680475637.4658818
1734,adding 866001/1000000,1680475644.5608172
1735,adding 866001/1000000,1680475644.5691102
1736,adding 867001/1000000,1680475651.6964316
1737,adding 867001/1000000,1680475651.70257
1738,adding 868001/1000000,1680475658.9438062
1739,adding 868001/1000000,1680475658.952981
1740,adding 869001/1000000,1680475666.303939
1741,adding 869001/1000000,1680475666.3100705
1742,adding 870001/1000000,1680475673.6490626
1743,adding 870001/1000000,1680475673.6565056
1744,adding 871001/1000000,1680475681.0417857
1745,adding 871001/1000000,1680475681.0482936
1746,adding 872001/1000000,1680475688.3939517
1747,adding 872001/1000000,1680475688.4030137
1748,adding 873001/1000000,1680475695.8099012
1749,adding 873001/1000000,1680475695.8170283
1750,adding 874001/1000000,1680475702.5482388
1751,adding 874001/1000000,1680475702.556821
1752,adding 875001/1000000,1680475709.2745893
1753,adding 875001/1000000,1680475709.282161
1754,adding 876001/1000000,1680475716.4092023
1755,adding 876001/1000000,1680475716.4179711
1756,adding 877001/1000000,1680475723.8539393
1757,adding 877001/1000000,1680475723.861415
1758,adding 878001/1000000,1680475730.8185709
1759,adding 878001/1000000,1680475730.8263834
1760,adding 879001/1000000,1680475738.3199444
1761,adding 879001/1000000,1680475738.3287597
1762,adding 880001/1000000,1680475746.1440465
1763,adding 880001/1000000,1680475746.152458
1764,adding 881001/1000000,1680475753.8484006
1765,adding 881001/1000000,1680475753.855946
1766,adding 882001/1000000,1680475761.5635796
1767,adding 882001/1000000,1680475761.5715725
1768,adding 883001/1000000,1680475769.2205968
1769,adding 883001/1000000,1680475769.2269127
1770,adding 884001/1000000,1680475776.4183497
1771,adding 884001/1000000,1680475776.4250183
1772,adding 885001/1000000,1680475783.1854153
1773,adding 885001/1000000,1680475783.1920125
1774,adding 886001/1000000,1680475790.5985544
1775,adding 886001/1000000,1680475790.6062624
1776,adding 887001/1000000,1680475798.0694525
1777,adding 887001/1000000,1680475798.0772667
1778,adding 888001/1000000,1680475805.4467876
1779,adding 888001/1000000,1680475805.454561
1780,adding 889001/1000000,1680475812.6651065
1781,adding 889001/1000000,1680475812.6721992
1782,adding 890001/1000000,1680475819.7217162
1783,adding 890001/1000000,1680475819.7297828
1784,adding 891001/1000000,1680475826.8842382
1785,adding 891001/1000000,1680475826.891127
1786,adding 892001/1000000,1680475833.9406881
1787,adding 892001/1000000,1680475833.947546
1788,adding 893001/1000000,1680475840.6720915
1789,adding 893001/1000000,1680475840.6790264
1790,adding 894001/1000000,1680475847.4095016
1791,adding 894001/1000000,1680475847.4166925
1792,adding 895001/1000000,1680475854.2546437
1793,adding 895001/1000000,1680475854.261653
1794,adding 896001/1000000,1680475861.3084893
1795,adding 896001/1000000,1680475861.315399
1796,adding 897001/1000000,1680475867.928731
1797,adding 897001/1000000,1680475867.9363272
1798,adding 898001/1000000,1680475874.5051074
1799,adding 898001/1000000,1680475874.5126681
1800,adding 899001/1000000,1680475881.2860506
1801,adding 899001/1000000,1680475881.2937555
1802,adding 900001/1000000,1680475888.2278855
1803,adding 900001/1000000,1680475888.2335844
1804,adding 901001/1000000,1680475894.9811451
1805,adding 901001/1000000,1680475894.9875329
1806,adding 902001/1000000,1680475901.8715913
1807,adding 902001/1000000,1680475901.8796601
1808,adding 903001/1000000,1680475909.5059116
1809,adding 903001/1000000,1680475909.513608
1810,adding 904001/1000000,1680475917.1623538
1811,adding 904001/1000000,1680475917.1708438
1812,adding 905001/1000000,1680475924.7590368
1813,adding 905001/1000000,1680475924.767163
1814,adding 906001/1000000,1680475932.0287364
1815,adding 906001/1000000,1680475932.0349352
1816,adding 907001/1000000,1680475939.4685225
1817,adding 907001/1000000,1680475939.4760394
1818,adding 908001/1000000,1680475947.1747408
1819,adding 908001/1000000,1680475947.1821597
1820,adding 909001/1000000,1680475954.912457
1821,adding 909001/1000000,1680475954.9190903
1822,adding 910001/1000000,1680475962.5328004
1823,adding 910001/1000000,1680475962.5402784
1824,adding 911001/1000000,1680475969.3538759
1825,adding 911001/1000000,1680475969.360385
1826,adding 912001/1000000,1680475977.0033224
1827,adding 912001/1000000,1680475977.0091262
1828,adding 913001/1000000,1680475984.6092286
1829,adding 913001/1000000,1680475984.6169538
1830,adding 914001/1000000,1680475991.9191647
1831,adding 914001/1000000,1680475991.926378
1832,adding 915001/1000000,1680475999.0857992
1833,adding 915001/1000000,1680475999.0921092
1834,adding 916001/1000000,1680476006.434185
1835,adding 916001/1000000,1680476006.4413202
1836,adding 917001/1000000,1680476013.5202231
1837,adding 917001/1000000,1680476013.5267458
1838,adding 918001/1000000,1680476020.4643178
1839,adding 918001/1000000,1680476020.4722922
1840,adding 919001/1000000,1680476027.470244
1841,adding 919001/1000000,1680476027.4775841
1842,adding 920001/1000000,1680476034.5264244
1843,adding 920001/1000000,1680476034.5363374
1844,adding 921001/1000000,1680476042.0605395
1845,adding 921001/1000000,1680476042.0675716
1846,adding 922001/1000000,1680476049.5876417
1847,adding 922001/1000000,1680476049.5950284
1848,adding 923001/1000000,1680476057.1602223
1849,adding 923001/1000000,1680476057.167917
1850,adding 924001/1000000,1680476064.7639184
1851,adding 924001/1000000,1680476064.7719069
1852,adding 925001/1000000,1680476072.032723
1853,adding 925001/1000000,1680476072.0404644
1854,adding 926001/1000000,1680476078.972748
1855,adding 926001/1000000,1680476078.9798555
1856,adding 927001/1000000,1680476085.995891
1857,adding 927001/1000000,1680476086.0033026
1858,adding 928001/1000000,1680476092.8915632
1859,adding 928001/1000000,1680476092.8986235
1860,adding 929001/1000000,1680476099.811097
1861,adding 929001/1000000,1680476099.8180068
1862,adding 930001/1000000,1680476106.880687
1863,adding 930001/1000000,1680476106.8872
1864,adding 931001/1000000,1680476113.514643
1865,adding 931001/1000000,1680476113.520951
1866,adding 932001/1000000,1680476120.4949672
1867,adding 932001/1000000,1680476120.5007548
1868,adding 933001/1000000,1680476127.0845308
1869,adding 933001/1000000,1680476127.0914495
1870,adding 934001/1000000,1680476133.5607715
1871,adding 934001/1000000,1680476133.5672884
1872,adding 935001/1000000,1680476140.0586348
1873,adding 935001/1000000,1680476140.0648406
1874,adding 936001/1000000,1680476146.7144308
1875,adding 936001/1000000,1680476146.7208257
1876,adding 937001/1000000,1680476153.6305141
1877,adding 937001/1000000,1680476153.6375484
1878,adding 938001/1000000,1680476160.726964
1879,adding 938001/1000000,1680476160.7346196
1880,adding 939001/1000000,1680476167.926605
1881,adding 939001/1000000,1680476167.9332063
1882,adding 940001/1000000,1680476174.7216797
1883,adding 940001/1000000,1680476174.727972
1884,adding 941001/1000000,1680476181.7475412
1885,adding 941001/1000000,1680476181.7552724
1886,adding 942001/1000000,1680476188.7477849
1887,adding 942001/1000000,1680476188.7539158
1888,adding 943001/1000000,1680476196.0315418
1889,adding 943001/1000000,1680476196.0402722
1890,adding 944001/1000000,1680476203.3964896
1891,adding 944001/1000000,1680476203.4031217
1892,adding 945001/1000000,1680476210.902557
1893,adding 945001/1000000,1680476210.9104369
1894,adding 946001/1000000,1680476218.2061987
1895,adding 946001/1000000,1680476218.2124252
1896,adding 947001/1000000,1680476225.128985
1897,adding 947001/1000000,1680476225.1352277
1898,adding 948001/1000000,1680476232.455829
1899,adding 948001/1000000,1680476232.4624574
1900,adding 949001/1000000,1680476239.7965732
1901,adding 949001/1000000,1680476239.8047404
1902,adding 950001/1000000,1680476247.2551734
1903,adding 950001/1000000,1680476247.2632325
1904,adding 951001/1000000,1680476254.7800088
1905,adding 951001/1000000,1680476254.7869437
1906,adding 952001/1000000,1680476262.215221
1907,adding 952001/1000000,1680476262.2226622
1908,adding 953001/1000000,1680476269.715055
1909,adding 953001/1000000,1680476269.72255
1910,adding 954001/1000000,1680476276.8857758
1911,adding 954001/1000000,1680476276.8923461
1912,adding 955001/1000000,1680476283.564331
1913,adding 955001/1000000,1680476283.5712547
1914,adding 956001/1000000,1680476290.442855
1915,adding 956001/1000000,1680476290.4494796
1916,adding 957001/1000000,1680476298.8088017
1917,adding 957001/1000000,1680476298.8165615
1918,adding 958001/1000000,1680476306.334279
1919,adding 958001/1000000,1680476306.3411727
1920,adding 959001/1000000,1680476313.8629773
1921,adding 959001/1000000,1680476313.8710854
1922,adding 960001/1000000,1680476321.1634493
1923,adding 960001/1000000,1680476321.1696947
1924,adding 961001/1000000,1680476328.700072
1925,adding 961001/1000000,1680476328.7069752
1926,adding 962001/1000000,1680476335.8191779
1927,adding 962001/1000000,1680476335.825198
1928,adding 963001/1000000,1680476343.288866
1929,adding 963001/1000000,1680476343.2950377
1930,adding 964001/1000000,1680476350.8202019
1931,adding 964001/1000000,1680476350.8286061
1932,adding 965001/1000000,1680476358.3890262
1933,adding 965001/1000000,1680476358.3950918
1934,adding 966001/1000000,1680476365.2246141
1935,adding 966001/1000000,1680476365.2314148
1936,adding 967001/1000000,1680476372.3699684
1937,adding 967001/1000000,1680476372.3772616
1938,adding 968001/1000000,1680476379.2347026
1939,adding 968001/1000000,1680476379.241302
1940,adding 969001/1000000,1680476386.309299
1941,adding 969001/1000000,1680476386.3166158
1942,adding 970001/1000000,1680476393.4112182
1943,adding 970001/1000000,1680476393.4182854
1944,adding 971001/1000000,1680476400.663748
1945,adding 971001/1000000,1680476400.67062
1946,adding 972001/1000000,1680476407.9610293
1947,adding 972001/1000000,1680476407.968873
1948,adding 973001/1000000,1680476414.9694781
1949,adding 973001/1000000,1680476414.97568
1950,adding 974001/1000000,1680476422.6363564
1951,adding 974001/1000000,1680476422.6428015
1952,adding 975001/1000000,1680476430.0647185
1953,adding 975001/1000000,1680476430.0727456
1954,adding 976001/1000000,1680476437.0581672
1955,adding 976001/1000000,1680476437.0646822
1956,adding 977001/1000000,1680476443.6462445
1957,adding 977001/1000000,1680476443.6527812
1958,adding 978001/1000000,1680476450.580189
1959,adding 978001/1000000,1680476450.5873146
1960,adding 979001/1000000,1680476457.4194756
1961,adding 979001/1000000,1680476457.4262123
1962,adding 980001/1000000,1680476464.2980258
1963,adding 980001/1000000,1680476464.3037596
1964,adding 981001/1000000,1680476471.6463075
1965,adding 981001/1000000,1680476471.65443
1966,adding 982001/1000000,1680476479.1106584
1967,adding 982001/1000000,1680476479.118318
1968,adding 983001/1000000,1680476486.316663
1969,adding 983001/1000000,1680476486.3237374
1970,adding 984001/1000000,1680476493.3295872
1971,adding 984001/1000000,1680476493.335941
1972,adding 985001/1000000,1680476500.8163948
1973,adding 985001/1000000,1680476500.8225822
1974,adding 986001/1000000,1680476508.2971883
1975,adding 986001/1000000,1680476508.3044877
1976,adding 987001/1000000,1680476515.2176838
1977,adding 987001/1000000,1680476515.224272
1978,adding 988001/1000000,1680476522.4479291
1979,adding 988001/1000000,1680476522.4540923
1980,adding 989001/1000000,1680476529.6990423
1981,adding 989001/1000000,1680476529.7065823
1982,adding 990001/1000000,1680476537.0244262
1983,adding 990001/1000000,1680476537.032302
1984,adding 991001/1000000,1680476543.8065736
1985,adding 991001/1000000,1680476543.814264
1986,adding 992001/1000000,1680476550.7918758
1987,adding 992001/1000000,1680476550.7981956
1988,adding 993001/1000000,1680476558.230976
1989,adding 993001/1000000,1680476558.238885
1990,adding 994001/1000000,1680476565.837705
1991,adding 994001/1000000,1680476565.8445504
1992,adding 995001/1000000,1680476573.4149604
1993,adding 995001/1000000,1680476573.422259
1994,adding 996001/1000000,1680476580.5337112
1995,adding 996001/1000000,1680476580.540737
1996,adding 997001/1000000,1680476587.593994
1997,adding 997001/1000000,1680476587.6015215
1998,adding 998001/1000000,1680476594.4793837
1999,adding 998001/1000000,1680476594.486572
2000,adding 999001/1000000,1680476601.5968783
2001,adding 999001/1000000,1680476601.6046925
2002,done all 1000000,1680476608.4484203
2003,import verified 1000000,1680476608.4804492
